count_date,dam,chinook_adult,chinook_jack,coho_adult,coho_jack,steelhead,wild_steelhead,sockeye,pink,chum,lamprey,shad
2010-04-01,TDA,42,0,0,0,123,42,0,0,0,0,0
2010-04-02,TDA,36,0,0,0,68,36,0,0,0,0,0
2010-04-03,TDA,90,0,0,0,69,32,0,0,0,0,0
2010-04-04,TDA,131,0,0,0,56,27,0,0,0,0,0
2010-04-05,TDA,142,-1,0,0,55,21,0,0,0,0,0
2010-04-06,TDA,139,0,0,0,42,12,0,0,0,0,0
2010-04-07,TDA,144,1,0,0,78,41,0,0,0,0,0
2010-04-08,TDA,143,0,0,0,80,34,0,0,0,0,0
2010-04-09,TDA,234,0,0,0,78,40,0,0,0,0,0
2010-04-10,TDA,517,1,0,0,80,46,0,0,0,0,0
2010-04-11,TDA,1133,1,0,0,90,51,0,0,0,0,0
2010-04-12,TDA,2126,5,0,0,94,43,0,0,0,0,1
2010-04-13,TDA,1147,3,0,0,94,50,0,0,0,0,0
2010-04-14,TDA,1237,2,0,0,90,42,0,0,0,0,0
2010-04-15,TDA,1508,7,0,0,79,41,0,0,0,0,0
2010-04-16,TDA,3512,3,0,0,87,58,0,0,0,0,0
2010-04-17,TDA,5619,7,0,0,96,55,0,0,0,0,0
2010-04-18,TDA,5888,40,0,0,89,55,0,0,0,0,0
2010-04-19,TDA,4264,14,0,0,56,35,1,0,0,0,0
2010-04-20,TDA,2837,14,0,0,72,34,0,0,0,0,0
2010-04-21,TDA,4218,22,0,0,56,30,0,0,0,0,0
2010-04-22,TDA,8292,24,0,0,61,30,0,0,0,0,0
2010-04-23,TDA,6002,41,0,0,38,25,0,0,0,0,0
2010-04-24,TDA,6254,31,0,0,40,20,0,0,0,0,0
2010-04-25,TDA,5596,84,0,0,32,25,0,0,0,0,0
2010-04-26,TDA,4629,34,0,0,25,15,0,0,0,0,0
2010-04-27,TDA,4667,21,0,0,20,12,0,0,0,0,0
2010-04-28,TDA,2732,41,0,0,18,10,0,0,0,0,0
2010-04-29,TDA,4563,75,0,0,15,7,0,0,0,0,0
2010-04-30,TDA,5388,85,0,0,20,11,0,0,0,0,0
2010-05-01,TDA,7142,173,0,0,20,7,0,0,0,0,0
2010-05-02,TDA,5743,140,0,0,28,12,0,0,0,0,0
2010-05-03,TDA,5308,142,0,0,22,18,1,0,0,0,0
2010-05-04,TDA,6805,168,0,0,15,6,0,0,0,0,0
2010-05-05,TDA,5820,218,0,0,12,7,0,0,0,0,0
2010-05-06,TDA,3390,197,0,0,15,4,0,0,0,0,0
2010-05-07,TDA,4118,181,0,0,12,1,0,0,0,0,0
2010-05-08,TDA,5571,326,0,0,20,8,0,0,0,0,1
2010-05-09,TDA,5532,471,0,0,29,12,0,0,0,0,0
2010-05-10,TDA,5252,431,0,0,12,5,0,0,0,0,1
2010-05-11,TDA,4955,742,0,0,28,13,0,0,0,0,0
2010-05-12,TDA,3595,665,0,0,14,6,0,0,0,0,6
2010-05-13,TDA,1807,458,0,0,11,3,0,0,0,0,9
2010-05-14,TDA,2535,720,0,0,13,2,0,0,0,0,2
2010-05-15,TDA,2532,791,0,0,21,8,0,0,0,0,2
2010-05-16,TDA,3613,739,0,0,21,4,0,0,0,0,25
2010-05-17,TDA,3867,753,0,0,43,11,1,0,0,0,52
2010-05-18,TDA,2577,452,0,0,13,5,0,0,0,0,53
2010-05-19,TDA,1986,402,0,0,14,4,0,0,0,0,58
2010-05-20,TDA,1531,223,0,0,9,4,-1,0,0,0,74
2010-05-21,TDA,1050,222,0,0,8,5,0,0,0,0,33
2010-05-22,TDA,885,150,0,0,8,2,0,0,0,0,55
2010-05-23,TDA,798,156,0,0,10,3,0,0,0,0,53
2010-05-24,TDA,666,140,0,0,10,2,0,0,0,0,65
2010-05-25,TDA,1190,138,0,0,7,5,1,0,0,0,48
2010-05-26,TDA,1596,228,0,0,12,2,2,0,0,0,697
2010-05-27,TDA,1355,157,0,0,18,3,1,0,0,0,782
2010-05-28,TDA,1553,151,0,0,23,6,2,0,0,0,998
2010-05-29,TDA,1271,147,0,0,25,5,6,0,0,0,1626
2010-05-30,TDA,1789,142,0,0,43,1,7,0,0,0,16000
2010-05-31,TDA,2426,201,0,0,44,5,25,0,0,0,26415
2010-06-01,TDA,2875,292,0,0,37,9,34,0,0,0,15920
2010-06-02,TDA,2934,234,0,0,36,9,90,0,0,0,17874
2010-06-03,TDA,2542,241,0,0,21,-5,101,0,0,0,12964
2010-06-04,TDA,2707,248,0,0,59,21,99,0,0,0,41932
2010-06-05,TDA,2792,265,0,0,102,31,122,0,0,0,21809
2010-06-06,TDA,2544,190,0,0,72,12,165,0,0,0,29073
2010-06-07,TDA,1826,226,0,0,68,13,272,0,0,0,36228
2010-06-08,TDA,1975,172,0,0,51,14,294,0,0,0,67942
2010-06-09,TDA,1913,165,0,0,107,31,326,0,0,0,91370
2010-06-10,TDA,1890,138,0,0,68,19,459,0,0,0,51854
2010-06-11,TDA,928,144,0,0,81,26,361,0,0,0,51764
2010-06-12,TDA,1285,191,0,0,117,37,574,0,0,1,50258
2010-06-13,TDA,2065,206,0,0,116,32,1329,0,0,0,55861
2010-06-14,TDA,1597,308,0,0,158,40,2022,0,0,1,65136
2010-06-15,TDA,1818,211,0,0,175,45,2838,0,0,4,53207
2010-06-16,TDA,1928,266,0,0,103,30,2769,0,0,0,37807
2010-06-17,TDA,726,120,0,0,128,46,2865,0,0,1,31589
2010-06-18,TDA,644,137,0,0,127,30,3002,0,0,5,26455
2010-06-19,TDA,1917,281,0,0,197,68,7896,0,0,0,33986
2010-06-20,TDA,3402,423,0,0,340,110,13166,0,0,3,48020
2010-06-21,TDA,3145,254,0,0,444,176,15997,0,0,2,27954
2010-06-22,TDA,2163,434,0,0,386,120,19510,0,0,1,33663
2010-06-23,TDA,1483,222,0,0,304,105,14677,0,0,5,18609
2010-06-24,TDA,1882,456,0,0,481,139,22236,0,0,7,31281
2010-06-25,TDA,3661,416,0,0,1025,432,29109,0,0,7,56738
2010-06-26,TDA,2443,511,0,0,1054,485,28768,0,0,2,29773
2010-06-27,TDA,2725,478,0,0,1133,488,24410,0,0,8,27136
2010-06-28,TDA,2124,464,0,0,996,483,17052,0,0,17,20180
2010-06-29,TDA,2660,494,0,0,1484,765,17054,0,0,13,16974
2010-06-30,TDA,1291,162,0,0,878,471,8338,0,0,28,11603
2010-07-01,TDA,1771,384,0,0,1121,592,9191,0,0,11,10898
2010-07-02,TDA,2112,311,0,0,1562,861,12051,0,0,28,8406
2010-07-03,TDA,2034,520,0,0,2082,1210,10054,0,0,10,8587
2010-07-04,TDA,1806,233,0,0,2223,1293,8414,0,0,32,9104
2010-07-05,TDA,1074,283,0,0,2269,1328,6998,0,0,25,6827
2010-07-06,TDA,1235,181,0,0,1739,1025,5868,0,0,18,5146
2010-07-07,TDA,1013,300,0,0,1736,991,5739,0,0,22,4015
2010-07-08,TDA,949,231,0,0,2136,1277,4811,0,0,39,6184
2010-07-09,TDA,1095,222,0,0,3082,1756,4727,0,0,42,3811
2010-07-10,TDA,1300,249,0,0,3765,2183,6219,0,0,33,3334
2010-07-11,TDA,1183,233,0,0,4022,2220,4120,0,0,48,3388
2010-07-12,TDA,962,156,0,0,4392,2478,3768,0,0,62,1729
2010-07-13,TDA,767,138,0,0,4756,2653,1318,0,0,34,1180
2010-07-14,TDA,340,85,0,0,3334,1691,657,0,0,13,1443
2010-07-15,TDA,378,84,0,0,3326,1774,653,0,0,54,381
2010-07-16,TDA,676,120,0,0,6247,3089,907,0,0,21,409
2010-07-17,TDA,582,109,0,0,5083,2449,938,0,0,30,202
2010-07-18,TDA,597,61,0,0,3692,1679,664,0,0,34,310
2010-07-19,TDA,614,94,0,0,4069,2059,497,0,0,36,181
2010-07-20,TDA,563,79,0,0,4448,2011,299,0,0,58,487
2010-07-21,TDA,366,85,0,0,4160,1993,162,0,0,26,220
2010-07-22,TDA,351,78,0,0,5226,2363,220,0,0,27,470
2010-07-23,TDA,316,86,0,0,4350,2025,134,0,0,20,210
2010-07-24,TDA,367,80,0,0,4282,2039,133,0,0,27,298
2010-07-25,TDA,348,70,0,0,4129,1883,121,0,0,28,379
2010-07-26,TDA,396,62,0,0,3956,1861,102,0,0,35,254
2010-07-27,TDA,360,52,0,0,2843,1213,67,1,0,25,310
2010-07-28,TDA,309,69,0,0,2078,912,52,0,0,30,175
2010-07-29,TDA,328,68,0,0,2376,1032,35,0,0,32,180
2010-07-30,TDA,298,40,0,0,3015,1312,39,0,0,23,153
2010-07-31,TDA,390,46,0,0,3485,1534,22,0,0,25,147
2010-08-01,TDA,306,45,0,0,2902,1170,39,0,0,27,168
2010-08-02,TDA,338,52,0,0,2421,1010,21,0,0,21,119
2010-08-03,TDA,234,40,2,0,1982,796,12,0,0,14,110
2010-08-04,TDA,316,54,0,0,2297,890,18,0,0,31,42
2010-08-05,TDA,231,37,0,0,1407,589,11,0,0,16,29
2010-08-06,TDA,363,59,0,0,1003,423,9,0,0,23,39
2010-08-07,TDA,282,55,0,0,843,355,5,0,0,22,59
2010-08-08,TDA,327,48,1,0,1196,449,14,0,0,28,43
2010-08-09,TDA,334,56,0,0,1341,523,8,0,0,25,25
2010-08-10,TDA,360,89,0,0,1250,466,6,0,0,32,31
2010-08-11,TDA,352,77,0,0,1412,490,5,0,0,29,17
2010-08-12,TDA,274,39,0,0,1034,312,1,0,0,29,18
2010-08-13,TDA,265,57,0,0,693,217,1,0,0,24,28
2010-08-14,TDA,344,43,0,0,640,192,5,0,0,13,6
2010-08-15,TDA,336,66,1,0,632,224,0,0,0,22,16
2010-08-16,TDA,396,90,4,0,599,199,0,0,0,14,9
2010-08-17,TDA,294,67,0,0,473,136,1,0,0,28,10
2010-08-18,TDA,356,89,5,5,220,81,2,0,0,20,10
2010-08-19,TDA,376,108,0,0,296,100,0,0,0,17,7
2010-08-20,TDA,464,142,1,1,350,101,2,0,0,7,8
2010-08-21,TDA,1055,186,0,0,1196,354,0,0,0,6,9
2010-08-22,TDA,1228,156,5,0,2631,723,0,0,0,16,12
2010-08-23,TDA,1446,150,19,4,3739,996,2,0,0,6,6
2010-08-24,TDA,2474,251,22,2,2952,830,0,0,0,3,21
2010-08-25,TDA,1676,244,8,1,1565,429,0,0,0,7,41
2010-08-26,TDA,2010,393,29,7,2488,707,0,0,0,6,29
2010-08-27,TDA,2303,476,77,17,2816,747,4,0,0,2,9
2010-08-28,TDA,4677,704,179,41,4346,1237,0,0,0,2,4
2010-08-29,TDA,5493,779,242,49,4332,1272,0,0,0,6,1
2010-08-30,TDA,5231,748,182,28,3520,1055,2,0,0,3,8
2010-08-31,TDA,4919,915,133,17,2633,696,0,0,0,8,2
2010-09-01,TDA,6104,642,203,32,2605,751,0,0,0,18,0
2010-09-02,TDA,7472,1151,458,40,5632,1650,0,0,0,12,0
2010-09-03,TDA,5659,794,584,65,7264,1938,0,0,0,9,0
2010-09-04,TDA,7228,1134,644,60,8022,2207,0,0,0,9,0
2010-09-05,TDA,9100,956,1006,61,6925,1948,0,0,0,14,0
2010-09-06,TDA,9825,1317,1022,65,7252,2079,0,0,0,7,0
2010-09-07,TDA,12102,1045,1129,64,7476,2300,1,0,0,2,0
2010-09-08,TDA,8466,1360,991,63,3904,1171,0,0,0,8,0
2010-09-09,TDA,10389,1416,854,118,6089,1756,1,0,0,10,0
2010-09-10,TDA,8185,1054,1243,66,4184,1072,0,0,0,6,0
2010-09-11,TDA,6977,1207,1294,98,5379,1521,0,0,0,11,0
2010-09-12,TDA,6314,1319,1129,220,5947,1613,0,0,0,9,0
2010-09-13,TDA,5549,818,908,83,4891,1272,0,0,0,14,0
2010-09-14,TDA,4165,1045,642,48,3612,1013,0,0,0,2,0
2010-09-15,TDA,4589,827,582,54,4815,1203,0,0,0,1,0
2010-09-16,TDA,4833,1174,494,46,3417,944,0,0,0,2,0
2010-09-17,TDA,6540,1369,472,49,3426,852,0,0,0,1,0
2010-09-18,TDA,7325,1991,753,53,3894,999,0,0,0,2,0
2010-09-19,TDA,6165,1051,723,36,5089,1532,0,0,0,3,0
2010-09-20,TDA,5595,1166,464,32,4448,1273,1,0,0,-1,0
2010-09-21,TDA,5871,1059,554,77,3690,1026,0,0,0,6,0
2010-09-22,TDA,5095,1006,253,55,2697,756,0,0,0,1,0
2010-09-23,TDA,7473,1600,219,28,2443,674,0,0,0,3,0
2010-09-24,TDA,8450,1618,231,52,1949,526,0,0,0,0,0
2010-09-25,TDA,10894,2261,337,45,2207,603,0,0,0,1,0
2010-09-26,TDA,9846,2453,416,45,2802,666,0,0,0,3,0
2010-09-27,TDA,4908,1601,256,16,2712,782,0,0,0,1,0
2010-09-28,TDA,4532,1313,164,28,2062,613,0,0,0,-1,0
2010-09-29,TDA,4409,1774,219,11,1902,500,0,0,0,2,0
2010-09-30,TDA,3800,1083,122,14,2081,540,0,0,0,1,0
2010-10-01,TDA,2834,1031,181,20,1588,365,0,0,0,0,0
2010-10-02,TDA,2103,494,53,11,1541,500,0,0,0,4,0
2010-10-03,TDA,2132,605,75,5,2295,767,0,0,0,1,0
2010-10-04,TDA,2013,408,154,12,2289,790,0,0,0,0,0
2010-10-05,TDA,2048,475,189,8,2228,822,0,0,0,0,0
2010-10-06,TDA,2556,708,198,11,2144,714,0,0,0,0,0
2010-10-07,TDA,1396,363,126,11,1320,417,0,0,0,0,0
2010-10-08,TDA,1387,319,131,5,1384,459,0,0,0,1,0
2010-10-09,TDA,1102,298,105,8,1294,445,0,0,0,2,0
2010-10-10,TDA,1247,292,33,1,871,284,0,0,0,1,0
2010-10-11,TDA,812,241,935,36,1657,601,-1,0,0,0,0
2010-10-12,TDA,908,210,2519,96,1325,405,0,0,0,0,0
2010-10-13,TDA,733,121,1538,40,1493,490,0,0,0,0,0
2010-10-14,TDA,490,146,370,8,847,256,0,0,0,0,0
2010-10-15,TDA,669,100,205,7,996,315,0,0,0,0,0
2010-10-16,TDA,297,90,102,5,824,285,1,0,0,0,0
2010-10-17,TDA,354,98,105,1,694,256,0,0,0,0,0
2010-10-18,TDA,434,74,107,4,635,206,0,0,0,0,0
2010-10-19,TDA,383,78,88,5,583,228,0,0,0,0,0
2010-10-20,TDA,394,83,49,2,397,118,0,0,0,0,0
2010-10-21,TDA,282,52,56,4,406,144,0,0,0,0,0
2010-10-22,TDA,240,71,111,5,485,185,0,0,0,0,0
2010-10-23,TDA,207,44,96,5,603,234,0,0,0,0,0
2010-10-24,TDA,96,21,51,1,322,149,0,0,0,0,0
2010-10-25,TDA,166,33,747,13,365,154,1,0,0,1,0
2010-10-26,TDA,180,48,769,22,831,345,0,0,0,0,0
2010-10-27,TDA,98,20,389,25,627,300,0,0,0,0,0
2010-10-28,TDA,124,20,189,13,433,208,0,0,0,0,0
2010-10-29,TDA,179,18,69,0,311,160,0,0,0,0,0
2010-10-30,TDA,124,29,40,2,247,113,0,0,0,0,0
2010-10-31,TDA,80,12,35,1,160,52,0,0,0,0,0
2011-04-01,TDA,6,0,0,0,82,32,0,0,0,0,0
2011-04-02,TDA,10,0,0,0,103,57,0,0,0,0,0
2011-04-03,TDA,10,0,0,0,106,62,0,0,0,0,0
2011-04-04,TDA,11,0,0,0,94,60,0,0,0,0,0
2011-04-05,TDA,12,0,0,0,89,59,0,0,0,0,0
2011-04-06,TDA,6,0,0,0,88,54,0,0,0,0,0
2011-04-07,TDA,13,0,0,0,70,48,0,0,0,0,0
2011-04-08,TDA,14,0,0,0,61,32,0,0,0,0,0
2011-04-09,TDA,12,0,0,0,48,36,0,0,0,0,0
2011-04-10,TDA,14,0,0,0,25,14,0,0,0,0,0
2011-04-11,TDA,7,0,0,0,20,10,0,0,0,0,0
2011-04-12,TDA,17,0,0,0,26,13,0,0,0,0,0
2011-04-13,TDA,29,0,0,0,14,10,0,0,0,0,0
2011-04-14,TDA,37,0,0,0,19,13,0,0,0,0,0
2011-04-15,TDA,20,0,0,0,27,14,0,0,0,0,0
2011-04-16,TDA,36,0,0,0,20,15,0,0,0,0,0
2011-04-17,TDA,30,0,0,0,10,2,0,0,0,0,0
2011-04-18,TDA,55,1,0,0,16,8,0,0,0,0,0
2011-04-19,TDA,51,1,0,0,21,8,0,0,0,0,0
2011-04-20,TDA,61,2,0,0,15,11,0,0,0,0,0
2011-04-21,TDA,72,1,0,0,8,4,0,0,0,0,0
2011-04-22,TDA,81,6,0,0,12,7,0,0,0,0,0
2011-04-23,TDA,100,2,0,0,15,13,0,0,0,0,0
2011-04-24,TDA,216,5,0,0,19,12,0,0,0,0,0
2011-04-25,TDA,234,6,0,0,15,4,0,0,0,0,0
2011-04-26,TDA,255,4,0,0,11,4,0,0,0,0,0
2011-04-27,TDA,294,5,0,0,17,12,0,0,0,0,0
2011-04-28,TDA,1007,40,0,0,18,14,0,0,0,0,0
2011-04-29,TDA,2680,46,0,0,15,9,0,0,0,0,0
2011-04-30,TDA,2958,59,0,0,14,10,0,0,0,0,0
2011-05-01,TDA,5235,72,0,0,10,4,0,0,0,0,0
2011-05-02,TDA,6978,121,0,0,21,10,0,0,0,0,0
2011-05-03,TDA,10357,335,0,0,19,9,0,0,0,0,0
2011-05-04,TDA,6622,305,0,0,12,8,0,0,0,0,0
2011-05-05,TDA,7494,384,0,0,18,7,0,0,0,0,0
2011-05-06,TDA,6493,442,0,0,11,5,0,0,0,0,0
2011-05-07,TDA,6179,530,0,0,23,5,0,0,0,0,0
2011-05-08,TDA,9275,917,0,0,7,-3,0,0,0,0,0
2011-05-09,TDA,6208,1214,0,0,16,11,0,0,0,0,0
2011-05-10,TDA,5307,1063,0,0,13,8,0,0,0,0,0
2011-05-11,TDA,7048,1863,0,0,15,7,0,0,0,0,0
2011-05-12,TDA,9565,3910,0,0,13,5,0,0,0,0,0
2011-05-13,TDA,3818,2375,0,0,19,4,0,0,0,0,0
2011-05-14,TDA,4125,2331,0,0,13,1,0,0,0,0,0
2011-05-15,TDA,4427,3182,0,0,10,5,0,0,0,0,0
2011-05-16,TDA,2310,2306,0,0,15,1,0,0,0,0,0
2011-05-17,TDA,1415,1599,0,0,14,1,0,0,0,-1,0
2011-05-18,TDA,1122,942,0,0,2,1,0,0,0,0,0
2011-05-19,TDA,774,877,0,0,7,2,0,0,0,0,0
2011-05-20,TDA,851,1015,0,0,10,0,0,0,0,0,0
2011-05-21,TDA,963,1315,0,0,16,5,0,0,0,0,0
2011-05-22,TDA,899,1083,0,0,3,3,0,0,0,0,0
2011-05-23,TDA,724,1106,0,0,3,1,0,0,0,0,0
2011-05-24,TDA,688,1251,0,0,7,-1,0,0,0,0,0
2011-05-25,TDA,508,906,0,0,4,0,0,0,0,0,0
2011-05-26,TDA,218,470,0,0,5,1,0,0,0,0,0
2011-05-27,TDA,416,856,0,0,4,2,0,0,0,0,0
2011-05-28,TDA,771,1233,0,0,6,1,1,0,0,0,0
2011-05-29,TDA,1048,997,0,0,8,0,0,0,0,0,0
2011-05-30,TDA,803,929,0,0,15,4,0,0,0,0,0
2011-05-31,TDA,617,897,0,0,13,2,0,0,0,0,0
2011-06-01,TDA,750,1107,0,0,6,1,0,0,0,0,0
2011-06-02,TDA,765,837,0,0,11,0,0,0,0,0,0
2011-06-03,TDA,1043,1198,0,0,7,1,1,0,0,0,0
2011-06-04,TDA,1238,938,0,0,9,2,1,0,0,0,0
2011-06-05,TDA,1360,883,0,0,11,4,0,0,0,0,0
2011-06-06,TDA,1297,806,0,0,20,1,2,0,0,0,0
2011-06-07,TDA,1352,956,0,0,14,4,19,0,0,0,0
2011-06-08,TDA,1845,916,0,0,6,1,40,0,0,0,0
2011-06-09,TDA,1851,797,0,0,23,5,38,0,0,0,0
2011-06-10,TDA,1857,762,0,0,10,2,80,0,0,0,0
2011-06-11,TDA,1659,783,0,0,25,7,112,0,0,0,0
2011-06-12,TDA,2067,836,0,0,31,5,172,0,0,0,0
2011-06-13,TDA,2374,754,0,0,22,5,359,0,0,0,0
2011-06-14,TDA,2494,845,0,0,48,10,485,0,0,0,0
2011-06-15,TDA,1743,773,0,0,25,5,384,0,0,0,0
2011-06-16,TDA,1487,613,0,0,32,6,593,0,0,0,0
2011-06-17,TDA,1781,651,0,0,34,5,602,0,0,1,0
2011-06-18,TDA,1461,692,0,0,23,11,700,0,0,0,0
2011-06-19,TDA,2044,1069,0,0,46,6,1535,0,0,0,0
2011-06-20,TDA,2176,1016,0,0,62,14,1910,0,0,0,0
2011-06-21,TDA,1562,585,0,0,49,10,1284,0,0,0,0
2011-06-22,TDA,1277,754,0,0,54,16,2036,0,0,0,0
2011-06-23,TDA,1622,879,0,0,36,10,2080,0,0,1,0
2011-06-24,TDA,1913,1032,0,0,76,31,4410,0,0,1,0
2011-06-25,TDA,1926,1126,0,0,108,28,4906,0,0,3,0
2011-06-26,TDA,2166,832,0,0,124,46,5592,0,0,1,0
2011-06-27,TDA,2165,1278,0,0,180,47,7092,0,0,7,0
2011-06-28,TDA,1565,789,0,0,155,67,5507,0,0,4,0
2011-06-29,TDA,1797,1006,0,0,188,46,4749,0,0,6,0
2011-06-30,TDA,1621,954,0,0,176,72,5646,0,0,2,0
2011-07-01,TDA,2469,1072,0,0,189,55,6134,0,0,2,0
2011-07-02,TDA,1985,886,0,0,292,126,6672,0,0,16,0
2011-07-03,TDA,2154,749,0,0,286,152,7447,0,0,14,0
2011-07-04,TDA,1613,821,0,0,388,178,7466,0,0,21,0
2011-07-05,TDA,1746,805,0,0,499,139,7524,0,0,20,0
2011-07-06,TDA,1110,560,0,0,356,152,5262,0,0,12,0
2011-07-07,TDA,1279,689,0,0,489,214,5491,0,0,23,0
2011-07-08,TDA,1320,711,0,0,459,183,5858,0,0,23,0
2011-07-09,TDA,1520,643,0,0,626,338,5688,0,0,12,0
2011-07-10,TDA,1426,598,0,0,618,314,4879,0,0,20,0
2011-07-11,TDA,1222,562,0,0,739,365,4327,0,0,29,0
2011-07-12,TDA,847,509,0,0,546,226,3014,0,0,24,0
2011-07-13,TDA,745,414,0,0,711,431,2905,0,0,33,0
2011-07-14,TDA,651,478,0,0,637,310,2752,0,0,38,0
2011-07-15,TDA,725,380,0,0,836,496,2430,0,0,23,0
2011-07-16,TDA,1089,673,0,0,1352,730,2724,0,0,35,0
2011-07-17,TDA,1271,434,0,0,1697,988,1905,0,0,52,0
2011-07-18,TDA,913,439,0,0,1600,906,1246,0,0,51,0
2011-07-19,TDA,595,194,0,0,1429,813,728,0,0,50,0
2011-07-20,TDA,457,349,0,0,1759,878,572,0,0,44,0
2011-07-21,TDA,535,294,0,0,2334,1310,564,0,0,44,0
2011-07-22,TDA,661,332,0,0,2347,1316,497,0,0,42,0
2011-07-23,TDA,729,377,0,0,2762,1446,427,0,0,61,0
2011-07-24,TDA,724,353,0,0,2616,1456,251,0,0,63,0
2011-07-25,TDA,682,385,1,0,3094,1725,263,0,0,115,0
2011-07-26,TDA,535,328,1,0,3746,2023,168,0,0,32,0
2011-07-27,TDA,476,282,0,0,3626,1842,136,0,0,72,0
2011-07-28,TDA,420,291,0,0,3366,1818,98,0,0,140,0
2011-07-29,TDA,514,373,0,0,4072,1988,74,0,0,114,0
2011-07-30,TDA,524,295,0,0,5565,2933,107,0,0,84,0
2011-07-31,TDA,667,387,0,0,7211,3464,90,0,0,108,0
2011-08-01,TDA,694,296,0,2,6220,2923,80,0,0,106,0
2011-08-02,TDA,724,356,0,0,7742,3432,38,0,0,87,0
2011-08-03,TDA,401,205,1,1,5706,2381,38,0,0,159,0
2011-08-04,TDA,515,166,0,2,7756,3149,20,0,0,143,0
2011-08-05,TDA,459,95,2,0,6646,2502,22,0,0,148,0
2011-08-06,TDA,456,196,-1,0,6082,2257,11,0,0,195,0
2011-08-07,TDA,478,128,0,0,5523,1989,9,0,0,212,0
2011-08-08,TDA,402,152,0,0,4249,1587,4,0,0,227,0
2011-08-09,TDA,481,144,0,1,4354,1613,11,0,0,190,0
2011-08-10,TDA,374,132,1,0,3539,1300,0,0,0,155,0
2011-08-11,TDA,357,98,2,1,4078,1521,7,0,0,87,0
2011-08-12,TDA,510,174,7,1,3981,1485,0,0,0,89,0
2011-08-13,TDA,603,186,6,1,4334,1494,5,0,0,77,0
2011-08-14,TDA,739,172,0,7,4416,1616,1,0,0,97,0
2011-08-15,TDA,818,206,7,0,4344,1461,0,1,0,46,0
2011-08-16,TDA,772,226,14,8,4940,1513,0,-1,0,62,0
2011-08-17,TDA,756,235,22,3,3934,1281,0,3,0,56,0
2011-08-18,TDA,915,240,49,24,4480,1404,1,0,0,38,0
2011-08-19,TDA,1158,234,93,34,3806,1181,2,2,0,54,0
2011-08-20,TDA,1293,311,221,63,4128,1329,4,9,0,37,0
2011-08-21,TDA,1420,209,201,23,4373,1375,1,5,0,64,0
2011-08-22,TDA,1836,249,251,36,4301,1378,0,8,0,62,0
2011-08-23,TDA,1256,257,236,44,3105,877,1,3,0,82,0
2011-08-24,TDA,1158,298,261,44,2755,857,0,12,0,87,0
2011-08-25,TDA,866,251,234,52,2497,647,0,1,0,78,0
2011-08-26,TDA,1741,405,243,48,2434,671,1,4,0,44,0
2011-08-27,TDA,1582,347,215,76,2060,526,-2,2,0,42,0
2011-08-28,TDA,1795,349,123,47,1741,468,0,5,0,59,0
2011-08-29,TDA,1996,384,110,29,1366,338,1,6,0,53,0
2011-08-30,TDA,1810,509,111,30,999,227,0,13,0,56,0
2011-08-31,TDA,1853,513,138,48,1272,347,0,6,0,54,0
2011-09-01,TDA,2569,581,458,61,2041,538,0,6,0,65,0
2011-09-02,TDA,3549,867,1141,90,3375,807,0,14,0,44,0
2011-09-03,TDA,4507,875,1874,155,4361,1075,0,6,0,22,0
2011-09-04,TDA,6128,876,1623,108,3061,687,0,30,0,36,0
2011-09-05,TDA,9220,1358,2160,186,3653,833,0,28,0,40,0
2011-09-06,TDA,10189,1447,2145,106,3277,749,0,33,0,22,0
2011-09-07,TDA,6947,1406,1619,188,2132,473,0,14,0,30,0
2011-09-08,TDA,5804,1486,1291,140,1810,433,2,8,0,34,0
2011-09-09,TDA,5164,1286,887,82,1721,384,0,24,0,20,0
2011-09-10,TDA,6515,1547,968,94,2125,496,0,28,0,30,0
2011-09-11,TDA,8317,2028,949,97,2038,456,0,20,0,18,0
2011-09-12,TDA,10950,2232,1332,114,2800,588,0,31,0,10,0
2011-09-13,TDA,5724,2275,1652,105,2955,578,1,19,0,22,0
2011-09-14,TDA,6774,2019,1758,131,4296,920,0,22,0,17,0
2011-09-15,TDA,6655,2086,2883,126,5275,989,0,26,0,9,0
2011-09-16,TDA,7345,2894,2416,172,6169,1346,0,27,0,18,0
2011-09-17,TDA,10150,3052,2760,144,5617,1241,0,24,1,7,0
2011-09-18,TDA,6528,2079,1954,76,3665,815,0,38,0,12,0
2011-09-19,TDA,7813,2236,2146,108,3236,754,0,39,0,13,0
2011-09-20,TDA,6164,2003,2366,102,2706,635,0,47,0,15,0
2011-09-21,TDA,6016,2750,3564,183,2854,689,0,40,0,17,0
2011-09-22,TDA,3992,2143,2369,77,2500,572,0,72,0,10,0
2011-09-23,TDA,3367,2106,1154,77,2440,580,0,57,0,9,0
2011-09-24,TDA,4536,2139,1338,83,2411,523,0,54,0,18,0
2011-09-25,TDA,5744,2489,1412,106,2512,612,0,54,0,12,0
2011-09-26,TDA,4134,1656,1204,80,1885,427,0,38,0,9,0
2011-09-27,TDA,2691,1247,671,84,1633,361,0,26,0,12,0
2011-09-28,TDA,3376,1529,708,32,2205,509,0,50,0,6,0
2011-09-29,TDA,2568,1199,827,161,2459,593,0,6,0,7,0
2011-09-30,TDA,3510,1252,1259,40,4305,1159,0,47,0,6,0
2011-10-01,TDA,2634,1147,1460,85,3449,958,0,37,0,1,0
2011-10-02,TDA,1731,785,834,28,1813,565,0,9,0,3,0
2011-10-03,TDA,1390,542,647,25,1492,446,0,10,0,2,0
2011-10-04,TDA,1393,574,353,12,701,207,0,4,0,4,0
2011-10-05,TDA,1767,726,306,10,864,264,0,6,1,3,0
2011-10-06,TDA,2524,858,1169,48,1151,317,0,2,0,1,0
2011-10-07,TDA,1982,717,4082,89,1898,605,0,6,1,1,0
2011-10-08,TDA,1514,490,2124,66,1170,355,0,7,0,1,0
2011-10-09,TDA,1476,452,850,66,897,284,0,4,0,1,0
2011-10-10,TDA,2032,677,425,18,867,234,0,11,0,2,0
2011-10-11,TDA,949,254,469,14,593,207,0,10,0,0,0
2011-10-12,TDA,1124,414,2700,46,793,227,0,10,0,0,0
2011-10-13,TDA,891,397,2090,45,886,350,0,8,0,1,0
2011-10-14,TDA,1068,402,495,30,491,190,0,8,0,1,0
2011-10-15,TDA,901,285,299,21,413,154,0,7,0,0,0
2011-10-16,TDA,734,263,232,14,363,99,0,6,0,0,0
2011-10-17,TDA,741,246,248,8,371,138,0,2,0,1,0
2011-10-18,TDA,720,246,183,13,321,132,0,2,0,2,0
2011-10-19,TDA,413,177,130,5,203,66,0,1,0,1,0
2011-10-20,TDA,545,218,155,8,261,106,0,0,0,0,0
2011-10-21,TDA,553,188,87,2,233,96,0,0,0,0,0
2011-10-22,TDA,570,168,104,2,265,102,0,0,0,0,0
2011-10-23,TDA,459,90,114,0,197,62,0,0,0,0,0
2011-10-24,TDA,413,135,161,1,222,68,0,0,0,0,0
2011-10-25,TDA,459,134,90,3,174,53,0,0,0,0,0
2011-10-26,TDA,206,99,82,4,160,53,0,1,0,0,0
2011-10-27,TDA,268,76,166,4,154,45,0,0,0,0,0
2011-10-28,TDA,199,72,141,7,139,64,0,0,0,0,0
2011-10-29,TDA,204,60,265,20,154,69,0,0,0,0,0
2011-10-30,TDA,203,68,155,5,156,51,0,0,0,0,0
2011-10-31,TDA,167,47,67,1,170,66,0,0,0,0,0
2012-03-01,TDA,0,0,0,0,14,9,0,0,0,0,0
2012-03-02,TDA,0,0,0,0,18,11,0,0,0,0,0
2012-03-03,TDA,0,0,0,0,19,10,0,0,0,0,0
2012-03-04,TDA,0,0,0,0,26,14,0,0,0,0,0
2012-03-05,TDA,0,0,0,0,38,20,0,0,0,0,0
2012-03-06,TDA,0,0,0,0,20,16,0,0,0,0,0
2012-03-07,TDA,0,0,0,0,35,25,0,0,0,0,0
2012-03-08,TDA,0,0,0,0,30,18,0,0,0,0,0
2012-03-09,TDA,0,1,0,0,17,8,0,0,0,0,0
2012-03-10,TDA,1,0,0,0,27,14,0,0,0,0,0
2012-03-11,TDA,1,0,0,0,18,8,0,0,0,0,0
2012-03-12,TDA,1,0,0,0,25,13,0,0,0,0,0
2012-03-13,TDA,0,0,0,0,19,10,0,0,0,0,0
2012-03-14,TDA,1,0,0,0,28,16,0,0,0,0,0
2012-03-15,TDA,1,0,0,0,24,11,0,0,0,0,0
2012-03-16,TDA,1,0,0,0,26,12,0,0,0,0,0
2012-03-17,TDA,0,0,0,0,36,20,0,0,0,0,0
2012-03-18,TDA,2,0,0,0,28,15,0,0,0,0,0
2012-03-19,TDA,1,1,0,0,29,14,0,0,0,0,0
2012-03-20,TDA,1,0,0,0,31,17,0,0,0,0,0
2012-03-21,TDA,3,0,0,0,34,18,0,0,0,0,0
2012-03-22,TDA,1,0,0,0,35,19,0,0,0,0,0
2012-03-23,TDA,1,0,0,0,38,18,0,0,0,0,0
2012-03-24,TDA,0,0,0,0,37,19,0,0,0,0,0
2012-03-25,TDA,0,0,0,0,33,22,0,0,0,0,0
2012-03-26,TDA,0,0,0,0,41,31,0,0,0,0,0
2012-03-27,TDA,0,0,0,0,36,17,0,0,0,0,0
2012-03-28,TDA,0,0,0,0,40,30,0,0,0,0,0
2012-03-29,TDA,1,0,0,0,43,33,0,0,0,0,0
2012-03-30,TDA,0,0,0,0,52,30,0,0,0,0,0
2012-03-31,TDA,0,0,0,0,53,34,0,0,0,0,0
2012-04-01,TDA,1,0,0,0,37,19,0,0,0,0,0
2012-04-02,TDA,1,0,0,0,63,37,0,0,0,0,0
2012-04-03,TDA,0,0,0,0,56,26,0,0,0,0,0
2012-04-04,TDA,1,0,0,0,45,26,0,0,0,0,0
2012-04-05,TDA,4,0,0,0,25,18,0,0,0,0,0
2012-04-06,TDA,1,0,0,0,28,18,0,0,0,0,0
2012-04-07,TDA,4,0,0,0,29,19,0,0,0,0,0
2012-04-08,TDA,5,0,0,0,29,12,0,0,0,0,0
2012-04-09,TDA,2,0,0,0,29,16,0,0,0,0,0
2012-04-10,TDA,7,0,0,0,13,4,0,0,0,0,0
2012-04-11,TDA,5,0,0,0,21,14,0,0,0,0,0
2012-04-12,TDA,6,0,0,0,20,8,0,0,0,0,0
2012-04-13,TDA,10,0,0,0,11,4,0,0,0,0,0
2012-04-14,TDA,11,0,0,0,15,7,0,0,0,0,0
2012-04-15,TDA,24,0,0,0,22,14,0,0,0,0,0
2012-04-16,TDA,50,1,0,0,7,6,0,0,0,0,0
2012-04-17,TDA,47,1,0,0,19,12,0,0,0,0,0
2012-04-18,TDA,71,1,0,0,10,6,0,0,0,0,0
2012-04-19,TDA,92,0,0,0,12,8,0,0,0,0,0
2012-04-20,TDA,121,2,0,0,12,10,0,0,0,0,0
2012-04-21,TDA,83,1,0,0,13,12,0,0,0,0,0
2012-04-22,TDA,187,2,0,0,20,9,0,0,0,0,0
2012-04-23,TDA,353,4,0,0,17,10,0,0,0,0,0
2012-04-24,TDA,691,19,0,0,18,13,0,0,0,0,0
2012-04-25,TDA,1318,72,0,0,4,2,0,0,0,0,0
2012-04-26,TDA,802,17,0,0,19,7,0,0,0,0,0
2012-04-27,TDA,1382,46,0,0,17,6,0,0,0,0,0
2012-04-28,TDA,952,16,0,0,7,0,0,0,0,0,0
2012-04-29,TDA,962,28,0,0,6,2,0,0,0,0,0
2012-04-30,TDA,1206,53,0,0,7,2,0,0,0,0,0
2012-05-01,TDA,973,29,0,0,1,0,0,0,0,0,0
2012-05-02,TDA,894,22,0,0,7,1,0,0,0,0,0
2012-05-03,TDA,825,34,0,0,2,1,0,0,0,0,0
2012-05-04,TDA,792,35,0,0,3,2,0,0,0,0,0
2012-05-05,TDA,1081,53,0,0,5,1,0,0,0,0,0
2012-05-06,TDA,1091,43,0,0,6,1,0,0,0,0,0
2012-05-07,TDA,1669,62,0,0,5,1,0,0,0,0,0
2012-05-08,TDA,6243,168,0,0,4,0,0,0,0,0,0
2012-05-09,TDA,4300,192,0,0,4,2,0,0,0,0,0
2012-05-10,TDA,10265,298,0,0,7,1,0,0,0,0,0
2012-05-11,TDA,12338,472,0,0,4,1,0,0,0,0,0
2012-05-12,TDA,6654,319,0,0,6,1,0,0,0,0,0
2012-05-13,TDA,5819,316,0,0,7,1,0,0,0,0,0
2012-05-14,TDA,6322,297,0,0,5,0,0,0,0,0,0
2012-05-15,TDA,7452,535,0,0,20,5,0,0,0,0,0
2012-05-16,TDA,5949,610,0,0,14,1,0,0,0,0,0
2012-05-17,TDA,4849,533,0,0,14,2,0,0,0,0,0
2012-05-18,TDA,4667,481,0,0,4,-1,0,0,0,0,0
2012-05-19,TDA,2782,281,0,0,9,2,0,0,0,0,0
2012-05-20,TDA,3671,262,0,0,6,0,0,0,0,0,0
2012-05-21,TDA,2752,255,0,0,7,2,0,0,0,0,0
2012-05-22,TDA,1699,217,0,0,11,2,0,0,0,0,0
2012-05-23,TDA,1273,132,0,0,13,1,0,0,0,0,0
2012-05-24,TDA,1871,172,0,0,2,0,0,0,0,0,0
2012-05-25,TDA,1133,134,0,0,13,2,0,0,0,0,0
2012-05-26,TDA,831,105,0,0,12,2,0,0,0,0,0
2012-05-27,TDA,1027,115,0,0,16,0,1,0,0,0,0
2012-05-28,TDA,980,133,0,0,13,2,1,0,0,0,0
2012-05-29,TDA,1081,69,0,0,16,6,0,0,0,0,0
2012-05-30,TDA,1394,100,0,0,9,1,1,0,0,0,0
2012-05-31,TDA,1229,96,0,0,13,1,12,0,0,0,0
2012-06-01,TDA,1479,117,0,0,12,2,11,0,0,0,0
2012-06-02,TDA,1654,101,0,0,22,4,40,0,0,0,0
2012-06-03,TDA,1633,122,0,0,23,2,92,0,0,0,0
2012-06-04,TDA,1896,132,0,0,26,6,139,0,0,0,0
2012-06-05,TDA,2166,133,0,0,17,2,224,0,0,0,0
2012-06-06,TDA,1014,89,0,0,31,1,220,0,0,0,0
2012-06-07,TDA,1384,136,0,0,34,6,322,0,0,0,0
2012-06-08,TDA,1358,131,0,0,13,1,356,0,0,0,0
2012-06-09,TDA,977,134,0,0,32,6,461,0,0,0,0
2012-06-10,TDA,1381,71,0,0,35,9,637,0,0,0,0
2012-06-11,TDA,1044,125,0,0,43,11,1121,0,0,0,0
2012-06-12,TDA,1203,162,0,0,27,8,1674,0,0,0,0
2012-06-13,TDA,1398,132,0,0,48,7,2113,0,0,0,0
2012-06-14,TDA,1615,93,0,0,41,16,3344,0,0,0,0
2012-06-15,TDA,1928,184,0,0,53,14,5255,0,0,2,0
2012-06-16,TDA,1931,233,0,0,97,24,5160,0,0,0,0
2012-06-17,TDA,2234,201,0,0,94,42,8070,0,0,2,0
2012-06-18,TDA,2628,314,0,0,128,26,10136,0,0,2,0
2012-06-19,TDA,1917,224,0,0,80,18,9417,0,0,0,0
2012-06-20,TDA,1452,205,0,0,131,24,10351,0,0,7,0
2012-06-21,TDA,1800,239,0,0,113,29,16143,0,0,4,0
2012-06-22,TDA,1758,265,0,0,165,42,19957,0,0,8,0
2012-06-23,TDA,1870,198,0,0,158,66,19721,0,0,5,0
2012-06-24,TDA,1616,104,0,0,117,40,19420,0,0,9,0
2012-06-25,TDA,1747,262,0,0,172,70,20113,0,0,17,0
2012-06-26,TDA,1070,209,0,0,140,50,16956,0,0,15,0
2012-06-27,TDA,788,76,0,0,178,32,19394,0,0,17,0
2012-06-28,TDA,1047,239,0,0,231,62,30220,0,0,18,0
2012-06-29,TDA,1747,245,0,0,273,80,32896,0,0,21,0
2012-06-30,TDA,1249,282,0,0,275,114,16826,0,0,13,0
2012-07-01,TDA,1416,170,0,0,232,78,17844,0,0,23,0
2012-07-02,TDA,1314,153,0,0,287,98,14912,0,0,19,0
2012-07-03,TDA,1165,257,0,0,307,115,12829,0,0,12,0
2012-07-04,TDA,1053,153,0,0,334,156,11588,0,0,2,0
2012-07-05,TDA,920,160,0,0,438,177,12631,0,0,16,0
2012-07-06,TDA,982,191,0,0,403,191,10891,0,0,36,0
2012-07-07,TDA,1355,265,0,0,626,280,11376,0,0,52,0
2012-07-08,TDA,1279,208,0,0,662,313,12120,0,0,40,0
2012-07-09,TDA,1330,274,0,0,887,424,9610,0,0,113,0
2012-07-10,TDA,898,169,0,0,662,329,5107,0,0,138,0
2012-07-11,TDA,499,101,0,0,571,265,3253,0,0,74,0
2012-07-12,TDA,1046,175,0,0,922,519,4471,0,0,79,0
2012-07-13,TDA,906,172,0,0,766,407,3104,0,0,57,0
2012-07-14,TDA,1234,201,0,0,1372,727,3173,0,0,55,0
2012-07-15,TDA,970,202,0,0,1487,768,1856,0,0,112,0
2012-07-16,TDA,895,164,0,0,1756,920,1192,0,0,51,0
2012-07-17,TDA,661,178,0,0,1321,563,741,0,0,82,0
2012-07-18,TDA,875,166,0,0,1832,971,617,0,0,58,0
2012-07-19,TDA,866,215,0,0,2102,1069,422,0,0,97,0
2012-07-20,TDA,749,149,0,0,2310,1098,228,0,0,90,0
2012-07-21,TDA,610,169,0,0,2625,1264,166,0,0,43,0
2012-07-22,TDA,559,119,0,0,2379,1092,125,0,0,61,0
2012-07-23,TDA,409,116,0,0,2451,1129,105,0,0,86,0
2012-07-24,TDA,495,130,0,0,2621,1020,152,0,0,110,0
2012-07-25,TDA,422,143,1,0,2572,1331,111,0,0,115,0
2012-07-26,TDA,488,137,2,0,2642,1246,101,0,0,106,0
2012-07-27,TDA,516,148,0,0,2908,1426,88,0,0,122,0
2012-07-28,TDA,492,140,0,0,2930,1386,70,0,0,133,0
2012-07-29,TDA,538,139,0,0,2848,1317,66,0,0,91,0
2012-07-30,TDA,531,140,4,0,3087,1392,66,0,0,121,0
2012-07-31,TDA,405,120,1,0,3174,1445,30,0,0,168,0
2012-08-01,TDA,279,89,0,0,2414,968,31,0,0,110,0
2012-08-02,TDA,405,114,0,0,3001,1220,24,0,0,138,0
2012-08-03,TDA,442,147,0,0,2347,1060,20,0,0,87,0
2012-08-04,TDA,490,144,0,0,3056,1332,16,0,0,71,0
2012-08-05,TDA,420,155,0,0,2544,1042,12,0,0,162,0
2012-08-06,TDA,465,142,0,0,3075,1270,21,0,0,168,0
2012-08-07,TDA,489,156,2,0,2825,998,20,0,0,72,0
2012-08-08,TDA,435,129,1,0,3524,1451,5,0,0,148,0
2012-08-09,TDA,503,152,0,0,3235,1285,6,1,0,177,0
2012-08-10,TDA,408,105,1,0,2040,741,9,0,0,152,0
2012-08-11,TDA,534,148,8,5,2006,701,5,0,0,138,0
2012-08-12,TDA,548,157,11,4,1699,605,20,0,0,150,0
2012-08-13,TDA,440,105,18,0,1332,514,7,0,0,152,0
2012-08-14,TDA,582,111,12,7,1443,546,5,0,0,118,0
2012-08-15,TDA,600,130,16,8,1436,590,0,0,0,101,0
2012-08-16,TDA,418,105,12,5,1121,430,0,0,0,105,0
2012-08-17,TDA,487,133,8,3,1083,443,9,0,0,53,0
2012-08-18,TDA,596,157,8,0,974,382,5,1,0,53,0
2012-08-19,TDA,569,147,17,4,728,275,4,0,0,91,0
2012-08-20,TDA,719,180,22,1,748,266,5,-1,0,120,0
2012-08-21,TDA,901,216,16,9,726,281,2,0,0,55,0
2012-08-22,TDA,564,265,15,8,725,270,6,0,0,91,0
2012-08-23,TDA,704,249,30,11,787,285,0,0,0,57,0
2012-08-24,TDA,1491,369,50,14,803,288,1,0,0,65,0
2012-08-25,TDA,2362,534,156,16,1168,415,-1,0,0,76,0
2012-08-26,TDA,2388,567,174,28,1278,434,0,0,0,34,0
2012-08-27,TDA,2350,582,170,30,1221,443,0,0,0,33,0
2012-08-28,TDA,2196,645,212,80,1382,476,4,0,0,35,0
2012-08-29,TDA,3475,746,276,47,1459,483,9,0,0,42,0
2012-08-30,TDA,3827,1018,275,65,1975,618,2,0,0,55,0
2012-08-31,TDA,5238,1227,311,96,2412,623,1,0,0,34,0
2012-09-01,TDA,5157,1482,404,83,2302,650,0,0,0,24,0
2012-09-02,TDA,8112,1676,1006,124,2665,684,0,0,0,31,0
2012-09-03,TDA,6398,2221,1356,166,2998,834,0,0,0,24,0
2012-09-04,TDA,6687,2332,1359,212,2905,827,0,0,0,18,0
2012-09-05,TDA,5256,2153,1444,127,2271,406,2,0,0,21,0
2012-09-06,TDA,5873,2228,1349,151,2511,645,0,0,0,27,0
2012-09-07,TDA,5283,2078,1463,92,2406,476,0,0,0,15,0
2012-09-08,TDA,6581,2423,993,61,2400,622,0,0,0,36,0
2012-09-09,TDA,8611,2677,1421,70,2788,401,0,0,0,53,0
2012-09-10,TDA,8515,3279,1318,115,2968,722,0,0,0,41,0
2012-09-11,TDA,8661,3042,910,66,2356,649,0,0,0,50,0
2012-09-12,TDA,7170,2817,505,63,1850,498,0,0,0,32,0
2012-09-13,TDA,4698,2062,514,26,1819,476,0,0,0,35,0
2012-09-14,TDA,6115,2317,549,43,2452,555,0,0,0,44,0
2012-09-15,TDA,11345,3364,1283,55,3498,909,0,1,0,30,0
2012-09-16,TDA,11141,5152,1771,74,3391,698,0,0,0,49,0
2012-09-17,TDA,9932,5559,2266,81,2931,790,0,0,0,41,0
2012-09-18,TDA,6617,4909,1800,139,2377,391,0,0,0,23,0
2012-09-19,TDA,4975,3405,1138,49,2298,572,0,0,0,19,0
2012-09-20,TDA,4118,3730,769,79,2266,585,0,0,0,22,0
2012-09-21,TDA,4330,3034,396,59,2225,588,0,0,0,24,0
2012-09-22,TDA,3651,3094,516,39,3376,974,0,0,0,20,0
2012-09-23,TDA,4546,3123,365,32,3564,1007,0,0,0,11,0
2012-09-24,TDA,3153,2313,424,29,2864,829,0,0,0,7,0
2012-09-25,TDA,3490,2509,288,22,2018,590,0,0,0,15,0
2012-09-26,TDA,2225,1997,246,40,1330,275,0,0,0,1,0
2012-09-27,TDA,2189,1832,171,24,870,263,0,0,0,9,0
2012-09-28,TDA,3014,2529,169,31,978,159,0,0,0,18,0
2012-09-29,TDA,2903,2819,200,20,1837,522,0,0,0,11,0
2012-09-30,TDA,2212,1956,134,8,1481,413,0,0,0,4,0
2012-10-01,TDA,1365,1531,116,24,1171,347,0,0,0,8,0
2012-10-02,TDA,1405,883,116,7,1215,345,0,0,0,-2,0
2012-10-03,TDA,1362,1464,122,12,967,294,0,0,0,9,0
2012-10-04,TDA,1237,985,93,12,914,284,0,0,0,0,0
2012-10-05,TDA,1560,1203,94,7,1019,293,0,0,0,2,0
2012-10-06,TDA,1180,851,107,10,950,283,0,0,0,2,0
2012-10-07,TDA,872,729,86,4,872,265,0,0,0,5,0
2012-10-08,TDA,811,754,90,7,768,227,0,0,0,1,0
2012-10-09,TDA,980,990,84,14,838,192,0,0,0,1,0
2012-10-10,TDA,945,696,58,6,733,217,0,0,0,4,0
2012-10-11,TDA,945,777,74,10,659,220,0,0,0,5,0
2012-10-12,TDA,747,551,76,4,679,211,0,0,0,1,0
2012-10-13,TDA,653,453,87,1,622,203,0,0,0,1,0
2012-10-14,TDA,396,366,47,5,502,168,0,0,0,0,0
2012-10-15,TDA,317,175,78,2,458,185,0,0,0,1,0
2012-10-16,TDA,458,276,206,6,649,276,0,0,0,2,0
2012-10-17,TDA,450,288,489,36,860,370,0,0,0,0,0
2012-10-18,TDA,401,318,268,25,630,278,0,0,0,0,0
2012-10-19,TDA,254,199,79,5,355,116,0,0,0,0,0
2012-10-20,TDA,251,166,37,8,340,152,0,0,0,1,0
2012-10-21,TDA,184,122,42,4,444,190,0,0,0,0,0
2012-10-22,TDA,192,169,33,6,350,123,0,0,0,0,0
2012-10-23,TDA,283,144,31,1,317,122,0,0,0,-1,0
2012-10-24,TDA,258,234,27,5,312,121,0,0,0,0,0
2012-10-25,TDA,238,145,15,1,269,96,0,0,0,0,0
2012-10-26,TDA,214,183,9,0,180,51,0,0,0,0,0
2012-10-27,TDA,262,155,30,2,222,102,0,0,0,0,0
2012-10-28,TDA,132,96,19,4,191,60,0,0,0,0,0
2012-10-29,TDA,100,69,25,2,157,55,0,0,0,0,0
2012-10-30,TDA,202,98,33,8,215,74,0,0,0,1,0
2012-10-31,TDA,101,78,10,2,207,98,0,0,0,0,0
2012-11-01,TDA,127,116,12,4,222,106,0,0,1,0,0
2012-11-02,TDA,84,84,10,2,237,121,0,0,0,0,0
2012-11-03,TDA,82,80,15,1,211,85,0,0,0,0,0
2012-11-04,TDA,69,98,9,0,254,110,0,0,0,0,0
2012-11-05,TDA,64,59,8,2,130,54,0,0,1,0,0
2012-11-06,TDA,96,61,3,0,151,57,0,0,1,0,0
2012-11-07,TDA,95,69,5,1,157,66,0,0,0,0,0
2012-11-08,TDA,73,52,5,1,99,35,0,0,1,0,0
2012-11-09,TDA,71,39,3,0,85,33,0,0,1,0,0
2012-11-10,TDA,28,31,1,0,81,40,0,0,0,0,0
2012-11-11,TDA,35,22,1,0,55,23,0,0,0,0,0
2012-11-12,TDA,41,23,1,0,60,23,0,0,0,0,0
2012-11-13,TDA,33,22,3,0,65,20,0,0,0,0,0
2012-11-14,TDA,24,18,1,0,43,9,0,0,0,0,0
2012-11-15,TDA,29,19,3,0,72,30,0,0,1,0,0
2012-11-16,TDA,22,25,0,1,51,25,0,0,0,0,0
2012-11-17,TDA,37,22,2,0,45,15,0,0,0,0,0
2012-11-18,TDA,29,16,2,0,37,11,0,0,0,0,0
2012-11-19,TDA,14,9,1,0,39,11,0,0,0,1,0
2012-11-20,TDA,12,11,6,0,33,20,0,0,0,0,0
2012-11-21,TDA,13,18,4,0,31,14,0,0,0,0,0
2012-11-22,TDA,14,12,8,0,52,30,0,0,0,-1,0
2012-11-23,TDA,7,11,1,1,61,31,0,0,0,0,0
2012-11-24,TDA,3,7,0,0,53,29,0,0,0,0,0
2012-11-25,TDA,5,6,1,1,89,34,0,0,0,0,0
2012-11-26,TDA,12,6,0,0,71,34,0,0,0,0,0
2012-11-27,TDA,4,3,0,0,61,22,0,0,0,0,0
2012-11-28,TDA,6,4,0,0,44,17,0,0,0,0,0
2012-11-29,TDA,6,0,0,0,27,8,0,0,1,0,0
2012-11-30,TDA,6,4,0,0,15,3,0,0,0,0,0
2012-12-01,TDA,2,3,0,0,10,4,0,0,0,0,0
2012-12-02,TDA,1,-3,0,0,21,7,0,0,0,0,0
2012-12-03,TDA,1,2,1,0,4,2,0,0,0,0,0
2012-12-04,TDA,0,-1,0,0,9,2,0,0,0,0,0
2012-12-05,TDA,1,-1,1,0,5,1,0,0,0,0,0
2012-12-06,TDA,1,0,0,0,3,1,0,0,0,0,0
2012-12-07,TDA,-1,1,0,0,7,-1,0,0,0,0,0
2012-12-08,TDA,0,2,0,0,5,3,0,0,0,0,0
2012-12-09,TDA,1,0,0,0,5,0,0,0,0,0,0
2012-12-10,TDA,2,2,0,0,15,3,0,0,0,0,0
2012-12-11,TDA,1,2,0,0,28,15,0,0,0,0,0
2012-12-12,TDA,0,0,0,0,9,6,0,0,0,0,0
2012-12-13,TDA,0,-1,0,0,23,7,0,0,0,0,0
2012-12-14,TDA,1,0,0,0,6,4,0,0,0,0,0
2012-12-15,TDA,0,0,0,0,18,9,0,0,0,0,0
2012-12-16,TDA,0,0,0,0,10,6,0,0,0,0,0
2012-12-17,TDA,1,0,0,0,5,3,0,0,0,0,0
2012-12-18,TDA,1,0,0,0,13,5,0,0,0,0,0
2012-12-19,TDA,1,0,0,0,4,2,0,0,0,0,0
2012-12-20,TDA,0,1,0,0,1,1,0,0,0,0,0
2012-12-21,TDA,0,0,0,0,0,1,0,0,0,0,0
2012-12-22,TDA,1,0,0,0,6,0,0,0,0,0,0
2012-12-23,TDA,0,0,0,0,3,2,0,0,0,0,0
2012-12-24,TDA,0,0,0,0,4,1,0,0,0,0,0
2012-12-25,TDA,1,0,0,0,2,0,0,0,0,0,0
2012-12-26,TDA,0,0,0,0,1,0,0,0,0,0,0
2012-12-27,TDA,0,0,0,0,1,2,0,0,0,0,0
2012-12-28,TDA,0,-1,0,0,3,2,0,0,0,0,0
2012-12-29,TDA,-1,0,0,0,0,0,0,0,0,0,0
2012-12-30,TDA,0,0,0,0,-1,-1,0,0,0,0,0
2013-01-01,TDA,0,0,0,0,0,0,0,0,0,0,0
2013-01-02,TDA,0,0,0,0,0,0,0,0,0,0,0
2013-01-03,TDA,0,0,0,0,2,1,0,0,0,0,0
2013-01-04,TDA,0,-1,0,0,0,0,0,0,0,0,0
2013-01-05,TDA,0,0,0,0,1,1,0,0,0,0,0
2013-01-06,TDA,0,0,0,0,1,1,0,0,0,0,0
2013-01-07,TDA,0,0,0,0,0,0,0,0,0,0,0
2013-01-08,TDA,0,0,0,0,0,0,0,0,0,0,0
2013-01-09,TDA,1,0,0,0,0,0,0,0,0,0,0
2013-01-10,TDA,0,0,0,0,-2,-2,0,0,0,0,0
2013-01-11,TDA,0,1,0,0,2,1,0,0,0,0,0
2013-01-12,TDA,0,0,0,0,1,0,0,0,0,0,0
2013-01-13,TDA,1,0,0,0,0,0,0,0,0,0,0
2013-01-14,TDA,1,0,0,0,0,0,0,0,0,0,0
2013-01-15,TDA,-1,0,0,0,-1,-1,0,0,0,0,0
2013-01-16,TDA,1,0,0,0,1,0,0,0,0,0,0
2013-01-17,TDA,0,0,0,0,1,1,0,0,0,0,0
2013-01-18,TDA,0,0,0,0,0,0,0,0,0,0,0
2013-01-19,TDA,0,0,0,0,0,0,0,0,0,0,0
2013-01-20,TDA,0,0,0,0,1,0,0,0,0,0,0
2013-01-21,TDA,0,0,0,0,0,0,0,0,0,0,0
2013-01-22,TDA,0,0,0,0,0,0,0,0,0,0,0
2013-01-23,TDA,0,0,0,0,0,0,0,0,0,0,0
2013-01-24,TDA,0,0,0,0,0,0,0,0,0,0,0
2013-01-25,TDA,0,0,0,0,0,0,0,0,0,0,0
2013-01-26,TDA,0,0,0,0,0,0,0,0,0,0,0
2013-01-27,TDA,1,0,0,0,0,0,0,0,0,0,0
2013-01-28,TDA,0,0,0,0,0,0,0,0,0,0,0
2013-01-29,TDA,0,0,0,0,0,0,0,0,0,0,0
2013-01-30,TDA,0,0,0,0,0,0,0,0,0,0,0
2013-01-31,TDA,0,0,0,0,-1,-1,0,0,0,0,0
2013-02-01,TDA,0,0,0,0,-2,-2,0,0,0,0,0
2013-02-02,TDA,0,0,0,0,-1,-1,0,0,0,0,0
2013-02-03,TDA,0,0,0,0,1,1,0,0,0,0,0
2013-02-12,TDA,0,0,0,0,6,2,0,0,0,0,0
2013-02-13,TDA,0,0,0,0,6,5,0,0,0,0,0
2013-02-14,TDA,0,0,0,0,9,7,0,0,0,0,0
2013-02-15,TDA,0,0,0,0,4,2,0,0,0,0,0
2013-02-16,TDA,0,0,0,0,3,2,0,0,0,0,0
2013-02-17,TDA,0,0,0,0,4,3,0,0,0,0,0
2013-02-18,TDA,1,0,0,0,4,2,0,0,0,0,0
2013-02-19,TDA,0,0,0,0,3,2,0,0,0,0,0
2013-02-20,TDA,0,0,0,0,3,2,0,0,0,0,0
2013-02-21,TDA,0,0,0,0,3,2,0,0,0,0,0
2013-02-22,TDA,0,0,0,0,2,1,0,0,0,0,0
2013-02-23,TDA,0,0,0,0,4,2,0,0,0,0,0
2013-02-24,TDA,0,0,0,0,6,1,0,0,0,0,0
2013-02-25,TDA,1,0,0,0,3,0,0,0,0,0,0
2013-02-26,TDA,0,0,0,0,4,0,0,0,0,0,0
2013-02-27,TDA,0,0,0,0,3,2,0,0,0,0,0
2013-02-28,TDA,0,0,0,0,8,4,0,0,0,0,0
2013-04-01,TDA,13,1,0,0,32,15,0,0,0,0,0
2013-04-02,TDA,42,1,0,0,35,23,0,0,0,0,0
2013-04-03,TDA,14,0,0,0,25,9,0,0,0,0,0
2013-04-04,TDA,34,0,0,0,29,13,0,0,0,0,0
2013-04-05,TDA,26,2,0,0,19,8,0,0,0,0,0
2013-04-06,TDA,48,2,0,0,27,12,0,0,0,0,0
2013-04-07,TDA,44,0,0,0,20,9,0,0,0,0,0
2013-04-08,TDA,82,0,0,0,22,10,0,0,0,0,0
2013-04-09,TDA,29,0,0,0,15,7,0,0,0,0,0
2013-04-10,TDA,46,0,0,0,24,8,0,0,0,0,0
2013-04-11,TDA,106,1,0,0,41,27,0,0,0,0,0
2013-04-12,TDA,48,1,0,0,34,23,0,0,0,0,0
2013-04-13,TDA,37,1,0,0,26,15,0,0,0,0,0
2013-04-14,TDA,59,-1,0,0,18,5,0,0,0,0,0
2013-04-15,TDA,60,4,0,0,29,17,0,0,0,0,0
2013-04-16,TDA,78,5,0,0,22,10,0,0,0,0,0
2013-04-17,TDA,73,1,0,0,18,7,0,0,0,0,0
2013-04-18,TDA,144,8,0,0,12,6,0,0,0,0,0
2013-04-19,TDA,116,1,0,0,9,3,0,0,0,0,0
2013-04-20,TDA,200,14,0,0,13,5,0,0,0,0,0
2013-04-21,TDA,236,5,0,0,7,6,1,0,0,0,0
2013-04-22,TDA,259,10,0,0,8,1,0,0,0,0,0
2013-04-23,TDA,379,12,0,0,3,1,0,0,0,0,0
2013-04-24,TDA,578,18,0,0,11,5,0,0,0,0,0
2013-04-25,TDA,954,32,0,0,10,4,0,0,0,0,0
2013-04-26,TDA,1752,62,0,0,8,7,0,0,0,0,0
2013-04-27,TDA,2238,91,0,0,12,6,0,0,0,0,0
2013-04-28,TDA,3703,281,0,0,12,4,0,0,0,0,0
2013-04-29,TDA,3406,364,0,0,11,2,0,0,0,0,0
2013-04-30,TDA,2841,280,0,0,8,4,0,0,0,0,0
2013-05-01,TDA,2360,263,0,0,5,0,0,0,0,0,0
2013-05-02,TDA,1841,296,0,0,2,0,0,0,0,0,0
2013-05-03,TDA,1497,352,0,0,8,2,0,0,0,0,0
2013-05-04,TDA,3925,1169,0,0,11,6,0,0,0,0,0
2013-05-05,TDA,5862,2267,0,0,4,1,0,0,0,0,0
2013-05-06,TDA,1766,583,0,0,2,1,0,0,0,0,0
2013-05-07,TDA,3471,2167,0,0,13,4,0,0,0,0,0
2013-05-08,TDA,3073,2658,0,0,9,2,0,0,0,0,0
2013-05-09,TDA,2023,2230,0,0,12,4,0,0,0,0,0
2013-05-10,TDA,2572,2288,0,0,2,0,-1,0,0,0,0
2013-05-11,TDA,1934,2025,0,0,8,1,0,0,0,0,0
2013-05-12,TDA,1922,2103,0,0,8,4,0,0,0,0,0
2013-05-13,TDA,1115,1105,0,0,4,2,0,0,0,0,0
2013-05-14,TDA,978,1078,0,0,5,1,0,0,0,0,0
2013-05-15,TDA,958,1060,0,0,6,2,0,0,0,0,0
2013-05-16,TDA,862,1005,0,0,6,2,0,0,0,0,0
2013-05-17,TDA,906,956,0,0,11,1,0,0,0,0,0
2013-05-18,TDA,848,970,0,0,0,0,0,0,0,0,0
2013-05-19,TDA,902,689,0,0,4,2,0,0,0,0,0
2013-05-20,TDA,1063,750,0,0,6,1,0,0,0,0,0
2013-05-21,TDA,1121,626,0,0,7,1,0,0,0,0,0
2013-05-22,TDA,852,569,0,0,0,0,0,0,0,0,0
2013-05-23,TDA,977,606,0,0,10,0,0,0,0,0,0
2013-05-24,TDA,795,462,0,0,10,0,0,0,0,0,0
2013-05-25,TDA,767,387,0,0,7,-1,0,0,0,0,0
2013-05-26,TDA,998,317,0,0,8,1,0,0,0,0,0
2013-05-27,TDA,791,311,0,0,5,1,1,0,0,0,0
2013-05-28,TDA,585,293,0,0,9,1,2,0,0,0,0
2013-05-29,TDA,901,294,0,0,11,4,5,0,0,0,0
2013-05-30,TDA,891,205,0,0,12,0,7,0,0,0,0
2013-05-31,TDA,848,243,0,0,15,4,10,0,0,0,0
2013-06-01,TDA,715,302,0,0,15,4,12,0,0,0,0
2013-06-02,TDA,839,239,0,0,7,1,20,0,0,0,0
2013-06-03,TDA,593,247,0,0,12,0,18,0,0,0,0
2013-06-04,TDA,1166,357,0,0,16,3,31,0,0,0,0
2013-06-05,TDA,1271,346,0,0,14,2,64,0,0,1,0
2013-06-06,TDA,1624,358,0,0,24,7,87,0,0,2,0
2013-06-07,TDA,2335,543,0,0,27,6,218,0,0,2,0
2013-06-08,TDA,2170,456,0,0,18,2,294,0,0,13,0
2013-06-09,TDA,2459,614,0,0,39,9,627,0,0,28,0
2013-06-10,TDA,1852,522,0,0,34,8,758,0,0,23,0
2013-06-11,TDA,2431,699,0,0,25,6,1248,0,0,41,0
2013-06-12,TDA,1299,454,0,0,32,5,999,0,0,33,0
2013-06-13,TDA,2211,593,0,0,26,8,1813,0,0,39,0
2013-06-14,TDA,2130,491,0,0,37,14,1961,0,0,31,0
2013-06-15,TDA,2556,691,0,0,35,8,2575,0,0,53,0
2013-06-16,TDA,2634,626,0,0,29,7,3494,0,0,36,0
2013-06-17,TDA,2309,498,0,0,39,8,3491,0,0,46,0
2013-06-18,TDA,1923,517,0,0,42,10,3517,0,0,69,0
2013-06-19,TDA,2142,623,0,0,78,18,5239,0,0,71,0
2013-06-20,TDA,2357,601,0,0,75,14,5170,0,0,31,0
2013-06-21,TDA,1818,491,0,0,85,25,4466,0,0,41,0
2013-06-22,TDA,1874,689,0,0,96,30,5053,0,0,35,0
2013-06-23,TDA,2360,493,0,0,100,28,5577,0,0,44,0
2013-06-24,TDA,2412,748,0,0,113,45,6203,0,0,37,0
2013-06-25,TDA,1598,546,0,0,76,26,4324,0,0,27,0
2013-06-26,TDA,1300,357,0,0,92,24,5403,0,0,38,0
2013-06-27,TDA,1735,439,0,0,90,32,6093,0,0,13,0
2013-06-28,TDA,2071,343,0,0,151,51,8246,0,0,34,0
2013-06-29,TDA,1479,473,0,0,156,54,6188,0,0,23,0
2013-06-30,TDA,1761,283,0,0,140,48,6275,0,0,34,0
2013-07-01,TDA,1987,508,0,0,196,87,6099,0,0,60,0
2013-07-02,TDA,1665,366,0,0,184,87,5638,0,0,113,0
2013-07-03,TDA,1561,579,0,0,157,67,5107,0,0,93,0
2013-07-04,TDA,2302,442,0,0,250,119,5282,0,0,123,0
2013-07-05,TDA,2162,348,0,0,255,104,5557,0,0,272,0
2013-07-06,TDA,1645,306,0,0,278,102,4517,0,0,150,0
2013-07-07,TDA,1461,419,0,0,245,102,4090,0,0,100,0
2013-07-08,TDA,1335,294,0,0,310,167,4243,0,0,179,0
2013-07-09,TDA,963,310,0,0,306,150,4102,0,0,105,0
2013-07-10,TDA,1249,202,0,0,474,285,4629,0,0,153,0
2013-07-11,TDA,949,264,0,0,541,326,3146,0,0,129,0
2013-07-12,TDA,1206,231,0,0,429,222,2476,0,0,273,0
2013-07-13,TDA,1071,210,0,0,563,340,3192,0,0,89,0
2013-07-14,TDA,1164,264,0,0,595,288,2342,0,0,180,0
2013-07-15,TDA,927,172,0,0,806,506,2073,0,0,77,0
2013-07-16,TDA,512,115,0,0,628,320,1368,0,0,110,0
2013-07-17,TDA,1007,127,0,0,899,551,1933,0,0,232,0
2013-07-18,TDA,640,150,0,0,1174,670,1216,0,0,203,0
2013-07-19,TDA,680,99,0,0,1425,918,1048,0,0,211,0
2013-07-20,TDA,615,113,0,0,1568,973,669,0,0,295,0
2013-07-21,TDA,692,90,0,0,1638,1030,764,0,0,223,0
2013-07-22,TDA,532,93,0,0,1648,1036,424,0,0,182,0
2013-07-23,TDA,335,67,0,0,1269,768,313,0,0,190,0
2013-07-24,TDA,419,92,0,0,1289,787,311,0,0,127,0
2013-07-25,TDA,452,80,0,0,2116,1313,246,0,0,158,0
2013-07-26,TDA,619,105,0,0,2350,1563,274,0,0,161,0
2013-07-27,TDA,520,93,0,0,1675,1047,251,0,0,211,0
2013-07-28,TDA,624,116,0,0,1914,1203,191,0,0,128,0
2013-07-29,TDA,710,127,0,0,2237,1416,151,0,0,160,0
2013-07-30,TDA,590,130,0,0,2465,1528,137,0,0,103,0
2013-07-31,TDA,502,123,0,0,2219,1363,100,0,0,147,0
2013-08-01,TDA,486,104,0,0,1855,1089,78,0,0,166,0
2013-08-02,TDA,317,65,0,0,1590,894,66,0,0,191,0
2013-08-03,TDA,463,95,0,0,1588,909,54,0,0,144,0
2013-08-04,TDA,402,102,0,0,1802,979,48,0,0,120,0
2013-08-05,TDA,447,89,0,0,1945,1093,51,0,0,144,0
2013-08-06,TDA,532,99,0,0,1949,1098,34,0,0,83,0
2013-08-07,TDA,742,177,0,0,1992,1110,25,0,0,83,0
2013-08-08,TDA,938,159,0,0,1805,1004,24,0,0,120,0
2013-08-09,TDA,908,159,0,0,1610,822,14,0,0,63,0
2013-08-10,TDA,1249,232,0,0,2424,1222,22,0,0,68,0
2013-08-11,TDA,823,130,0,0,1607,790,7,0,0,74,0
2013-08-12,TDA,848,149,4,0,1366,648,13,0,0,59,0
2013-08-13,TDA,961,152,1,0,1216,519,14,0,0,66,0
2013-08-14,TDA,891,202,0,0,1141,499,9,0,0,66,0
2013-08-15,TDA,1048,168,0,0,700,339,12,0,0,69,0
2013-08-16,TDA,1204,155,0,0,612,306,2,0,0,56,0
2013-08-17,TDA,2196,287,0,0,653,316,9,0,0,66,0
2013-08-18,TDA,1353,303,0,-1,783,343,8,0,0,35,0
2013-08-19,TDA,906,259,1,0,848,373,4,0,0,34,0
2013-08-20,TDA,1742,336,7,0,898,387,5,1,0,30,0
2013-08-21,TDA,2028,444,8,1,1274,548,2,1,0,54,0
2013-08-22,TDA,3552,582,8,2,1304,529,0,0,0,40,0
2013-08-23,TDA,3426,729,23,16,1107,387,4,0,0,39,0
2013-08-24,TDA,4609,872,23,5,1148,400,0,1,0,46,0
2013-08-25,TDA,5451,1064,38,14,1140,446,2,2,0,21,0
2013-08-26,TDA,3966,880,36,6,707,277,2,0,0,19,0
2013-08-27,TDA,5136,1124,43,15,1095,392,0,0,0,22,0
2013-08-28,TDA,4159,1067,42,7,1233,434,1,0,0,36,0
2013-08-29,TDA,6449,1086,54,12,1231,399,0,0,0,28,0
2013-08-30,TDA,9366,1387,139,19,1116,400,3,1,0,31,0
2013-08-31,TDA,17511,2747,296,21,1890,632,1,1,0,19,0
2013-09-01,TDA,13289,1662,162,21,1617,544,0,0,0,29,0
2013-09-02,TDA,9223,2222,199,16,2245,763,0,0,0,28,0
2013-09-03,TDA,8383,1440,78,12,1780,613,1,1,0,23,0
2013-09-04,TDA,8031,1974,160,50,1513,505,0,1,0,26,0
2013-09-05,TDA,6074,2091,174,25,2375,768,1,1,0,30,0
2013-09-06,TDA,9954,1592,120,48,2626,856,0,1,0,18,0
2013-09-07,TDA,13612,1946,170,20,3906,1506,1,0,0,30,0
2013-09-08,TDA,25628,2690,370,62,10109,3178,1,2,0,285,0
2013-09-09,TDA,26225,2787,360,44,3449,1116,0,2,0,61,0
2013-09-10,TDA,26710,3630,719,68,2070,658,0,4,0,37,0
2013-09-11,TDA,25140,2716,478,59,1828,585,0,0,0,36,0
2013-09-12,TDA,24071,2893,423,39,2486,783,0,1,0,31,0
2013-09-13,TDA,18441,2172,519,63,1816,508,0,1,0,25,0
2013-09-14,TDA,20037,3820,655,88,4051,1474,0,0,0,21,0
2013-09-15,TDA,21239,1453,240,33,3819,1361,0,1,0,28,0
2013-09-16,TDA,12402,1588,282,19,2506,838,0,0,0,25,0
2013-09-17,TDA,15951,2666,433,13,2210,694,0,1,0,12,0
2013-09-18,TDA,20357,2107,126,26,1701,557,0,5,0,12,0
2013-09-19,TDA,22700,2665,195,20,2005,618,0,1,0,7,0
2013-09-20,TDA,21544,1670,261,29,2457,781,0,8,0,15,0
2013-09-21,TDA,16993,4399,651,58,3406,1080,0,6,0,9,0
2013-09-22,TDA,13030,1649,412,65,3205,1190,0,5,0,15,0
2013-09-23,TDA,9735,2284,539,42,2246,758,0,8,0,14,0
2013-09-24,TDA,11150,921,530,67,5737,1987,0,6,0,10,0
2013-09-25,TDA,10534,1736,644,60,3500,1074,0,2,0,5,0
2013-09-26,TDA,10501,1077,329,39,2042,623,0,2,0,2,0
2013-09-27,TDA,10474,1021,653,54,1888,593,0,5,1,1,0
2013-09-28,TDA,8055,1093,344,37,2270,708,0,0,0,0,0
2013-09-29,TDA,6760,730,1051,72,5365,2213,0,1,1,4,0
2013-09-30,TDA,5269,839,4321,358,7483,3415,0,6,0,4,0
2013-10-01,TDA,2881,860,2337,267,4367,1870,0,1,0,7,0
2013-10-02,TDA,5461,744,1450,120,3024,1329,0,4,1,4,0
2013-10-03,TDA,6943,1133,895,119,2150,827,0,1,0,1,0
2013-10-04,TDA,3944,510,355,30,1593,632,0,1,0,0,0
2013-10-05,TDA,3197,707,340,43,1001,353,0,0,0,0,0
2013-10-06,TDA,2491,420,297,36,797,308,0,0,0,0,0
2013-10-07,TDA,2156,431,177,16,783,273,0,0,0,0,0
2013-10-08,TDA,1736,356,144,13,765,325,0,1,0,0,0
2013-10-09,TDA,2428,409,116,13,663,233,0,0,0,1,0
2013-10-10,TDA,3748,550,136,5,614,226,0,0,0,0,0
2013-10-11,TDA,4726,626,165,26,621,225,0,0,0,0,0
2013-10-12,TDA,3716,947,244,23,590,206,0,0,0,0,0
2013-10-13,TDA,3375,375,90,29,467,160,0,0,0,0,0
2013-10-14,TDA,2581,506,114,12,427,156,0,0,0,0,0
2013-10-15,TDA,2558,312,51,8,327,109,0,0,0,0,0
2013-10-16,TDA,2664,470,144,10,346,105,0,1,0,1,0
2013-10-17,TDA,1669,218,46,4,251,83,0,-1,0,0,0
2013-10-18,TDA,1653,194,69,12,253,81,0,0,0,0,0
2013-10-19,TDA,1774,289,62,4,249,100,0,0,0,0,0
2013-10-20,TDA,1641,188,60,8,192,72,0,0,0,0,0
2013-10-21,TDA,1083,138,42,2,137,52,0,0,0,0,0
2013-10-22,TDA,813,185,88,8,158,56,0,0,0,0,0
2013-10-23,TDA,805,116,106,7,149,54,0,1,0,0,0
2013-10-24,TDA,653,112,48,5,124,48,0,0,0,1,0
2013-10-25,TDA,567,64,41,6,130,32,0,0,0,0,0
2013-10-26,TDA,660,108,22,6,96,32,0,0,0,0,0
2013-10-27,TDA,649,66,24,6,85,25,0,0,0,0,0
2013-10-28,TDA,415,62,30,4,109,37,0,0,0,0,0
2013-10-29,TDA,464,66,34,2,92,45,0,0,1,1,0
2013-10-30,TDA,446,52,23,4,90,36,0,0,0,0,0
2013-10-31,TDA,310,73,39,0,75,28,0,0,0,4,0
2014-04-01,TDA,32,0,0,0,12,6,0,0,0,0,0
2014-04-02,TDA,114,-1,0,0,18,6,0,0,0,0,0
2014-04-03,TDA,36,0,0,0,13,6,0,0,0,0,0
2014-04-04,TDA,74,1,0,0,12,5,0,0,0,0,0
2014-04-05,TDA,48,1,0,0,12,5,0,0,0,0,0
2014-04-06,TDA,74,0,0,0,4,1,0,0,0,0,0
2014-04-07,TDA,94,0,0,0,10,5,0,0,0,0,0
2014-04-08,TDA,72,1,0,0,19,3,0,0,0,0,0
2014-04-09,TDA,92,0,0,0,9,2,0,0,0,0,0
2014-04-10,TDA,101,1,0,0,6,2,0,0,0,0,0
2014-04-11,TDA,139,1,0,0,9,1,0,0,0,0,0
2014-04-12,TDA,204,2,0,0,18,12,0,0,0,0,0
2014-04-13,TDA,149,0,0,0,11,6,0,0,0,0,0
2014-04-14,TDA,310,1,0,0,23,16,0,0,0,0,0
2014-04-15,TDA,596,8,0,0,19,6,0,0,0,0,0
2014-04-16,TDA,558,5,0,0,19,13,0,0,0,0,0
2014-04-17,TDA,704,16,0,0,24,7,0,0,0,0,0
2014-04-18,TDA,896,6,0,0,13,4,0,0,0,0,0
2014-04-19,TDA,505,4,0,0,7,2,0,0,0,0,0
2014-04-20,TDA,997,5,0,0,5,4,0,0,0,0,0
2014-04-21,TDA,912,6,0,0,8,4,0,0,0,0,0
2014-04-22,TDA,1588,12,0,0,17,4,0,0,0,0,0
2014-04-23,TDA,1866,10,0,0,9,5,0,0,0,0,0
2014-04-24,TDA,2266,22,0,0,8,2,0,0,0,0,0
2014-04-25,TDA,1907,11,0,0,5,1,0,0,0,0,0
2014-04-26,TDA,2763,43,0,0,13,6,0,0,0,0,0
2014-04-27,TDA,3036,30,0,0,2,0,0,0,0,0,0
2014-04-28,TDA,5201,90,0,0,18,2,0,0,0,0,0
2014-04-29,TDA,3814,52,0,0,9,5,0,0,0,0,0
2014-04-30,TDA,5224,98,0,0,9,1,0,0,0,0,0
2014-05-01,TDA,6911,132,0,0,12,0,0,0,0,0,0
2014-05-02,TDA,13438,259,0,0,14,0,0,0,0,0,0
2014-05-03,TDA,11224,399,0,0,15,5,0,0,0,0,0
2014-05-04,TDA,7878,412,0,0,12,4,0,0,0,0,0
2014-05-05,TDA,3952,340,0,0,6,4,0,0,0,0,0
2014-05-06,TDA,4559,404,0,0,8,2,0,0,0,0,0
2014-05-07,TDA,4638,696,0,0,22,4,0,0,0,0,0
2014-05-08,TDA,4835,852,0,0,11,-1,0,0,0,0,0
2014-05-09,TDA,4477,989,0,0,10,2,0,0,0,0,0
2014-05-10,TDA,3598,1202,0,0,31,0,0,0,0,0,0
2014-05-11,TDA,3009,1039,0,0,19,1,0,0,0,0,0
2014-05-12,TDA,2411,1009,0,0,11,2,0,0,0,0,0
2014-05-13,TDA,2622,1239,0,0,13,1,0,0,0,0,0
2014-05-14,TDA,2769,1332,0,0,15,1,0,0,0,0,0
2014-05-15,TDA,2166,1139,0,0,20,9,0,0,0,0,0
2014-05-16,TDA,2199,898,0,0,14,1,0,0,0,0,0
2014-05-17,TDA,1754,804,0,0,23,2,0,0,0,0,0
2014-05-18,TDA,2229,759,0,0,22,1,0,0,0,0,0
2014-05-19,TDA,1781,650,0,0,24,0,0,0,0,0,0
2014-05-20,TDA,1845,667,0,0,23,1,0,0,0,0,0
2014-05-21,TDA,1239,640,0,0,28,0,0,0,0,0,0
2014-05-22,TDA,1302,554,0,0,27,4,0,0,0,0,0
2014-05-23,TDA,1624,418,0,0,32,10,0,0,0,0,0
2014-05-24,TDA,1394,520,0,0,25,1,0,0,0,0,0
2014-05-25,TDA,1693,378,0,0,8,1,0,0,0,0,0
2014-05-26,TDA,1533,465,0,0,31,6,0,0,0,0,0
2014-05-27,TDA,1415,345,0,0,16,2,0,0,0,0,0
2014-05-28,TDA,1927,398,0,0,18,4,2,0,0,0,0
2014-05-29,TDA,1034,270,0,0,17,6,0,0,0,0,0
2014-05-30,TDA,1251,298,0,0,22,5,4,0,0,0,0
2014-05-31,TDA,1009,284,0,0,18,3,7,0,0,0,0
2014-06-01,TDA,1277,260,0,0,13,1,8,0,0,0,0
2014-06-02,TDA,1482,252,0,0,23,6,11,0,0,1,0
2014-06-03,TDA,2295,352,0,0,31,4,19,0,0,1,0
2014-06-04,TDA,1180,213,0,0,36,6,34,0,0,1,0
2014-06-05,TDA,1256,284,0,0,27,5,74,0,0,0,0
2014-06-06,TDA,1594,227,0,0,33,7,117,0,0,2,0
2014-06-07,TDA,2157,375,0,0,55,11,222,0,0,11,0
2014-06-08,TDA,2780,283,0,0,61,13,412,0,0,7,0
2014-06-09,TDA,2743,427,0,0,63,19,636,0,0,16,0
2014-06-10,TDA,2368,234,0,0,42,14,602,0,0,12,0
2014-06-11,TDA,2002,449,0,0,71,12,1051,0,0,22,0
2014-06-12,TDA,2143,244,0,0,57,10,1737,0,0,21,0
2014-06-13,TDA,2437,406,0,0,117,42,2382,0,0,24,0
2014-06-14,TDA,2178,350,0,0,86,24,3678,0,0,29,0
2014-06-15,TDA,2960,456,0,0,85,30,4060,0,0,38,0
2014-06-16,TDA,1920,312,0,0,62,24,3376,0,0,10,0
2014-06-17,TDA,1326,354,0,0,86,29,3389,0,0,24,0
2014-06-18,TDA,1620,229,0,0,72,25,3913,0,0,25,0
2014-06-19,TDA,1630,497,0,0,90,39,5038,0,0,62,0
2014-06-20,TDA,2570,335,0,0,98,39,7443,0,0,66,0
2014-06-21,TDA,1781,396,0,0,115,49,7956,0,0,40,0
2014-06-22,TDA,2132,222,0,0,156,75,16605,0,0,39,0
2014-06-23,TDA,2585,522,0,0,215,72,23266,0,0,106,0
2014-06-24,TDA,2173,445,0,0,231,108,21646,0,0,145,0
2014-06-25,TDA,2469,447,0,0,273,98,23653,0,0,94,0
2014-06-26,TDA,2412,441,0,0,382,198,30176,0,0,93,0
2014-06-27,TDA,3411,509,0,0,466,232,30212,0,0,127,0
2014-06-28,TDA,2594,600,0,0,440,240,27531,0,0,162,0
2014-06-29,TDA,1952,378,0,0,387,225,19502,0,0,95,0
2014-06-30,TDA,1656,392,0,0,341,190,19036,0,0,54,0
2014-07-01,TDA,1539,166,0,0,292,164,17776,0,0,64,0
2014-07-02,TDA,1750,363,0,0,535,298,23681,0,0,107,0
2014-07-03,TDA,2300,255,0,0,542,307,24851,0,0,97,0
2014-07-04,TDA,2891,683,0,0,653,304,24699,0,0,61,0
2014-07-05,TDA,2640,375,0,0,917,558,27516,0,0,92,0
2014-07-06,TDA,2648,429,0,0,809,459,39410,0,0,213,0
2014-07-07,TDA,1679,324,0,0,1105,699,27680,0,0,177,0
2014-07-08,TDA,1536,549,0,0,1197,679,25681,0,0,243,0
2014-07-09,TDA,1986,382,0,0,1431,856,22833,0,0,286,0
2014-07-10,TDA,1560,459,0,0,1622,934,17414,0,0,195,0
2014-07-11,TDA,1638,353,0,0,2164,1349,12538,0,0,240,0
2014-07-12,TDA,1191,285,0,0,1763,1052,10095,0,0,138,0
2014-07-13,TDA,1469,288,0,0,1754,1037,9844,0,0,144,0
2014-07-14,TDA,1085,378,0,0,1794,1049,7404,0,0,245,0
2014-07-15,TDA,747,226,0,0,1414,839,4394,0,0,230,0
2014-07-16,TDA,967,263,0,0,1797,955,5753,0,0,146,0
2014-07-17,TDA,751,232,0,0,1858,1049,4103,0,0,125,0
2014-07-18,TDA,871,230,0,0,2018,1112,4896,0,0,167,0
2014-07-19,TDA,896,344,0,0,1894,1062,3847,0,0,370,0
2014-07-20,TDA,1197,290,0,0,2101,1165,2670,0,0,521,0
2014-07-21,TDA,761,277,0,0,1874,1069,2188,0,0,434,0
2014-07-22,TDA,570,166,0,0,1670,950,1706,0,0,124,0
2014-07-23,TDA,560,170,0,0,1836,1022,1573,0,0,231,0
2014-07-24,TDA,391,101,0,0,1431,818,1009,0,0,306,0
2014-07-25,TDA,368,100,0,0,1674,956,797,0,0,244,0
2014-07-26,TDA,511,168,0,0,2417,1433,820,0,0,348,0
2014-07-27,TDA,383,153,0,0,2357,1313,494,0,0,294,0
2014-07-28,TDA,360,133,0,0,1797,998,423,0,0,153,0
2014-07-29,TDA,465,203,0,0,1928,964,362,0,0,163,0
2014-07-30,TDA,530,297,0,0,1798,937,299,0,0,105,0
2014-07-31,TDA,534,302,0,0,2013,996,245,0,0,93,0
2014-08-01,TDA,534,167,0,0,2024,1058,215,0,0,96,0
2014-08-02,TDA,457,198,0,0,2071,1126,168,0,0,105,0
2014-08-03,TDA,340,189,0,0,1549,806,164,0,0,96,0
2014-08-04,TDA,460,253,0,0,1512,817,129,0,0,140,0
2014-08-05,TDA,296,180,0,0,1361,714,81,0,0,164,0
2014-08-06,TDA,281,113,0,0,1319,717,82,0,0,51,0
2014-08-07,TDA,307,122,0,0,1821,958,95,0,0,120,0
2014-08-08,TDA,363,218,0,0,1679,856,75,0,0,101,0
2014-08-09,TDA,349,153,1,0,1814,939,54,0,0,125,0
2014-08-10,TDA,379,162,0,0,1741,857,60,0,0,170,0
2014-08-11,TDA,452,173,-1,1,1437,777,31,0,0,150,0
2014-08-12,TDA,495,141,0,0,1218,634,37,0,0,200,0
2014-08-13,TDA,658,289,1,0,908,467,15,0,0,141,0
2014-08-14,TDA,752,272,2,0,1053,534,18,0,0,125,0
2014-08-15,TDA,570,234,1,0,1003,526,10,0,0,83,0
2014-08-16,TDA,575,106,1,1,940,465,0,0,0,61,0
2014-08-17,TDA,668,195,5,3,1267,577,17,0,0,94,0
2014-08-18,TDA,1095,213,3,1,977,438,9,0,0,73,0
2014-08-19,TDA,1152,216,2,2,522,233,14,0,0,112,0
2014-08-20,TDA,1132,278,7,2,694,293,2,0,0,63,0
2014-08-21,TDA,1031,269,12,9,1044,408,10,0,0,106,0
2014-08-22,TDA,1068,222,25,8,1435,521,13,0,0,57,0
2014-08-23,TDA,1093,148,18,6,1581,591,8,0,0,95,0
2014-08-24,TDA,1102,129,12,4,1526,580,10,0,0,83,0
2014-08-25,TDA,1358,185,9,2,757,283,2,0,0,71,0
2014-08-26,TDA,2555,219,28,5,556,228,6,0,0,50,0
2014-08-27,TDA,1600,255,44,60,583,220,2,0,0,52,0
2014-08-28,TDA,2339,375,27,7,768,307,0,0,0,47,0
2014-08-29,TDA,3033,387,56,40,829,329,0,0,0,33,0
2014-08-30,TDA,4845,549,122,33,1019,396,2,0,0,54,0
2014-08-31,TDA,6974,784,113,39,1603,517,1,0,0,62,0
2014-09-01,TDA,6039,793,280,35,2478,838,8,0,0,54,0
2014-09-02,TDA,8422,650,377,89,3192,1102,9,0,0,63,0
2014-09-03,TDA,11117,973,460,90,3026,1050,13,0,0,32,0
2014-09-04,TDA,15191,1027,920,270,7402,2848,8,0,0,15,0
2014-09-05,TDA,13465,2276,1109,258,5581,1545,0,0,0,24,0
2014-09-06,TDA,11916,1225,1431,312,5500,1857,0,0,0,33,0
2014-09-07,TDA,14494,874,1809,187,4350,1329,5,0,0,42,0
2014-09-08,TDA,28721,2522,2361,261,3420,1049,2,0,0,36,0
2014-09-09,TDA,35915,4109,4633,655,3149,984,2,0,0,36,0
2014-09-10,TDA,30396,2817,5299,552,4609,1436,1,-1,0,35,0
2014-09-11,TDA,26256,3315,4950,550,5781,1658,5,0,0,43,0
2014-09-12,TDA,15169,2214,5149,536,7488,2408,-2,0,0,34,0
2014-09-13,TDA,13987,2703,5693,862,8460,2672,6,0,0,17,0
2014-09-14,TDA,21989,2598,11485,606,7300,2418,1,0,0,37,0
2014-09-15,TDA,19668,3905,8148,684,5661,1753,0,0,0,52,0
2014-09-16,TDA,18623,3032,8261,233,4021,1339,0,0,0,52,0
2014-09-17,TDA,19285,1928,10344,239,4293,1340,0,0,0,43,0
2014-09-18,TDA,12591,2802,8872,221,4825,1500,0,0,0,36,0
2014-09-19,TDA,11715,2177,7238,381,4301,1224,0,0,0,39,0
2014-09-20,TDA,15770,4507,5658,434,5131,1555,0,0,0,33,0
2014-09-21,TDA,15520,2695,5784,307,4627,1308,1,0,0,25,0
2014-09-22,TDA,13538,3834,3478,232,4364,1355,0,0,0,26,0
2014-09-23,TDA,11292,2331,3276,372,3846,1099,0,0,0,20,0
2014-09-24,TDA,8542,3135,1866,180,3049,902,0,0,0,25,0
2014-09-25,TDA,5595,1684,2263,194,2183,698,0,0,0,15,0
2014-09-26,TDA,9256,1908,2378,83,3173,892,0,0,0,20,0
2014-09-27,TDA,10191,2355,3942,111,3747,1155,0,0,0,15,0
2014-09-28,TDA,6997,1755,3290,72,3000,886,0,1,0,10,0
2014-09-29,TDA,7301,1009,3079,160,3724,1220,0,2,0,22,0
2014-09-30,TDA,5307,1956,1854,138,2479,773,0,0,0,10,0
2014-10-01,TDA,3239,1196,1672,123,2106,763,0,0,0,2,0
2014-10-02,TDA,4130,1504,1404,98,2179,647,0,0,0,12,0
2014-10-03,TDA,4409,1370,1539,105,2007,714,0,0,0,3,0
2014-10-04,TDA,5096,1846,1965,166,2135,677,0,0,0,6,0
2014-10-05,TDA,4051,1350,1337,72,1663,567,0,0,0,2,0
2014-10-06,TDA,3701,1400,1116,84,1459,471,-1,0,0,3,0
2014-10-07,TDA,2664,1170,628,48,1038,372,0,0,0,8,0
2014-10-08,TDA,2609,750,1033,120,1080,343,0,0,0,4,0
2014-10-09,TDA,2791,923,540,38,1082,401,0,0,0,-1,0
2014-10-10,TDA,1981,638,393,18,704,231,0,0,0,1,0
2014-10-11,TDA,1906,606,365,34,823,298,0,0,0,1,0
2014-10-12,TDA,1976,454,406,20,776,295,0,0,0,1,0
2014-10-13,TDA,1346,357,330,17,947,437,0,0,0,1,0
2014-10-14,TDA,826,214,203,6,522,227,0,0,0,2,0
2014-10-15,TDA,1022,300,141,8,377,153,0,0,0,1,0
2014-10-16,TDA,1023,188,300,9,688,240,1,0,0,0,0
2014-10-17,TDA,1360,289,979,25,862,328,0,0,0,0,0
2014-10-18,TDA,978,227,499,8,595,227,0,0,0,0,0
2014-10-19,TDA,988,266,375,25,565,266,0,0,0,1,0
2014-10-20,TDA,882,252,361,30,847,361,0,0,0,0,0
2014-10-21,TDA,538,192,177,14,552,230,0,0,0,0,0
2014-10-22,TDA,638,266,213,13,573,254,0,0,0,1,0
2014-10-23,TDA,601,191,742,22,474,187,0,0,0,1,0
2014-10-24,TDA,537,192,2000,91,1249,623,0,0,0,1,0
2014-10-25,TDA,395,136,629,44,838,382,0,0,0,0,0
2014-10-26,TDA,481,114,405,25,692,387,0,0,0,1,0
2014-10-27,TDA,419,124,288,21,859,445,0,0,0,2,0
2014-10-28,TDA,353,101,236,11,665,343,0,0,0,2,0
2014-10-29,TDA,198,70,88,6,410,200,0,0,0,0,0
2014-10-30,TDA,220,65,134,4,270,115,0,0,0,0,0
2014-10-31,TDA,223,37,130,11,286,144,0,0,0,0,0
2015-04-01,TDA,49,0,0,0,14,8,0,0,0,0,0
2015-04-02,TDA,91,2,0,0,12,7,0,0,0,0,0
2015-04-03,TDA,63,0,0,0,15,12,0,0,0,0,0
2015-04-04,TDA,91,1,0,0,12,7,0,0,0,0,0
2015-04-05,TDA,138,0,0,0,12,10,0,0,0,0,0
2015-04-06,TDA,143,6,0,0,2,0,0,0,0,0,0
2015-04-07,TDA,179,5,0,0,6,0,0,0,0,0,0
2015-04-08,TDA,200,1,0,0,13,8,0,0,0,0,0
2015-04-09,TDA,358,13,0,0,8,3,0,0,0,0,0
2015-04-10,TDA,294,0,0,0,12,8,0,0,0,0,0
2015-04-11,TDA,579,12,0,0,17,8,0,0,0,0,0
2015-04-12,TDA,563,10,0,0,6,4,0,0,0,0,0
2015-04-13,TDA,959,18,0,0,9,3,0,0,0,0,0
2015-04-14,TDA,936,3,0,0,13,6,0,0,0,0,0
2015-04-15,TDA,899,6,0,0,7,5,0,0,0,0,0
2015-04-16,TDA,1129,9,0,0,6,4,0,0,0,0,0
2015-04-17,TDA,3612,10,0,0,5,1,0,0,0,0,0
2015-04-18,TDA,2928,17,0,0,12,6,0,0,0,0,0
2015-04-19,TDA,6657,17,0,0,9,8,0,0,0,0,0
2015-04-20,TDA,7404,32,0,0,11,9,0,0,0,0,0
2015-04-21,TDA,7812,80,0,0,13,7,0,0,0,0,0
2015-04-22,TDA,10678,116,0,0,15,9,0,0,0,0,0
2015-04-23,TDA,4030,38,0,0,2,1,0,0,0,0,0
2015-04-24,TDA,6481,57,0,0,2,1,0,0,0,0,0
2015-04-25,TDA,3878,39,0,0,0,0,0,0,0,0,0
2015-04-26,TDA,4111,35,0,0,4,2,0,0,0,0,0
2015-04-27,TDA,4506,34,0,0,8,2,0,0,0,0,0
2015-04-28,TDA,7834,117,0,0,12,1,0,0,0,0,0
2015-04-29,TDA,10083,104,0,0,13,6,0,0,0,0,0
2015-04-30,TDA,15947,315,0,0,10,4,0,0,0,0,0
2015-05-01,TDA,8822,259,0,0,3,3,0,0,0,0,0
2015-05-02,TDA,8837,457,0,0,3,1,0,0,0,0,0
2015-05-03,TDA,4649,283,0,0,7,1,0,0,0,0,0
2015-05-04,TDA,3176,173,0,0,15,2,0,0,0,0,0
2015-05-05,TDA,2728,174,0,0,5,2,0,0,0,0,0
2015-05-06,TDA,3410,164,0,0,2,2,0,0,0,0,0
2015-05-07,TDA,3461,248,0,0,4,0,0,0,0,0,0
2015-05-08,TDA,3770,300,0,0,6,1,0,0,0,0,0
2015-05-09,TDA,3610,371,0,0,4,1,0,0,0,0,0
2015-05-10,TDA,3227,438,0,0,3,1,0,0,0,0,0
2015-05-11,TDA,3654,473,0,0,4,-1,0,0,0,0,0
2015-05-12,TDA,2834,381,0,0,-2,1,0,0,0,0,0
2015-05-13,TDA,1530,296,0,0,3,2,0,0,0,0,0
2015-05-14,TDA,1164,195,0,0,2,0,0,0,0,0,0
2015-05-15,TDA,1755,402,0,0,1,1,0,0,0,1,0
2015-05-16,TDA,1807,447,0,0,2,0,0,0,0,1,0
2015-05-17,TDA,1809,326,0,0,6,0,0,0,0,1,0
2015-05-18,TDA,1989,322,0,0,8,2,0,0,0,0,0
2015-05-19,TDA,1962,428,0,0,5,1,0,0,0,0,0
2015-05-20,TDA,1506,469,0,0,6,1,0,0,0,0,0
2015-05-21,TDA,1421,399,0,0,5,0,0,0,0,1,0
2015-05-22,TDA,1787,564,0,0,8,0,2,0,0,0,0
2015-05-23,TDA,1344,395,0,0,4,-1,1,0,0,1,0
2015-05-24,TDA,1542,254,0,0,11,2,0,0,0,1,0
2015-05-25,TDA,1217,177,0,0,2,0,2,0,0,2,0
2015-05-26,TDA,1931,352,0,0,6,1,2,0,0,6,0
2015-05-27,TDA,2068,275,0,0,5,0,0,0,0,0,0
2015-05-28,TDA,1826,428,0,0,12,5,4,0,0,4,0
2015-05-29,TDA,2226,462,0,0,16,4,13,0,0,10,0
2015-05-30,TDA,1745,332,0,0,16,2,23,0,0,26,0
2015-05-31,TDA,2439,268,0,0,9,1,66,0,0,16,0
2015-06-01,TDA,2570,299,0,0,26,10,84,0,0,36,0
2015-06-02,TDA,1905,171,0,0,31,9,69,0,0,69,0
2015-06-03,TDA,1763,228,0,0,10,-4,87,0,0,82,0
2015-06-04,TDA,1674,161,0,0,14,3,137,0,0,66,0
2015-06-05,TDA,1844,189,0,0,22,6,214,0,0,62,0
2015-06-06,TDA,1812,193,0,0,20,2,423,0,0,75,0
2015-06-07,TDA,1866,205,0,0,22,6,578,0,0,164,0
2015-06-08,TDA,2508,243,0,0,22,4,740,0,0,129,0
2015-06-09,TDA,3116,306,0,0,26,10,981,0,0,182,0
2015-06-10,TDA,2050,192,0,0,6,-17,1077,0,0,206,0
2015-06-11,TDA,2176,285,0,0,31,7,1898,0,0,223,0
2015-06-12,TDA,2417,258,0,0,32,8,3356,0,0,252,0
2015-06-13,TDA,2876,281,0,0,24,-3,3713,0,0,314,0
2015-06-14,TDA,2770,276,0,0,39,14,4538,0,0,308,0
2015-06-15,TDA,3129,439,0,0,54,30,5667,0,0,198,0
2015-06-16,TDA,3118,414,0,0,73,15,7205,0,0,209,0
2015-06-17,TDA,2367,286,0,0,55,21,8365,0,0,174,0
2015-06-18,TDA,2430,308,0,0,75,40,10528,0,0,123,0
2015-06-19,TDA,2684,342,0,0,112,47,12913,0,0,250,0
2015-06-20,TDA,2761,370,0,0,126,72,12481,0,0,124,0
2015-06-21,TDA,2508,308,0,0,136,78,16165,0,0,153,0
2015-06-22,TDA,3084,453,0,0,143,55,26735,0,0,229,0
2015-06-23,TDA,2580,390,0,0,74,36,23679,0,0,195,0
2015-06-24,TDA,2971,432,0,0,123,54,24447,0,0,120,0
2015-06-25,TDA,3147,432,0,0,185,84,24297,0,0,195,0
2015-06-26,TDA,4085,528,0,0,152,65,18762,0,0,166,0
2015-06-27,TDA,3767,408,0,0,178,76,21491,0,0,142,0
2015-06-28,TDA,3876,464,0,0,179,94,22865,0,0,227,0
2015-06-29,TDA,3646,362,0,0,176,91,18426,0,0,309,0
2015-06-30,TDA,2556,473,0,0,233,137,18948,0,0,133,0
2015-07-01,TDA,2280,281,0,0,285,162,16120,0,0,202,0
2015-07-02,TDA,2140,286,0,0,307,169,16432,0,0,132,0
2015-07-03,TDA,2676,281,0,0,223,140,13512,0,0,197,0
2015-07-04,TDA,2834,390,0,0,211,115,11307,0,0,142,0
2015-07-05,TDA,2591,240,0,0,225,144,8874,0,0,126,0
2015-07-06,TDA,2088,265,0,0,262,175,7126,0,0,114,0
2015-07-07,TDA,1132,191,0,0,181,123,6332,0,0,125,0
2015-07-08,TDA,895,111,0,0,171,101,5172,0,0,172,0
2015-07-09,TDA,1046,136,0,0,309,198,4135,0,0,102,0
2015-07-10,TDA,1411,230,0,0,388,252,4576,0,0,234,0
2015-07-11,TDA,1886,266,0,0,354,244,3781,0,0,181,0
2015-07-12,TDA,1393,186,0,0,325,229,2521,0,0,120,0
2015-07-13,TDA,1124,159,0,0,361,227,5327,0,0,127,0
2015-07-14,TDA,792,122,0,0,248,157,3826,0,0,181,0
2015-07-15,TDA,1852,258,0,0,378,268,3127,0,0,133,0
2015-07-16,TDA,2762,331,0,0,485,340,3054,0,0,201,0
2015-07-17,TDA,2738,420,0,0,777,517,2523,0,0,203,0
2015-07-18,TDA,1885,262,0,0,855,540,2629,0,0,144,0
2015-07-19,TDA,1100,160,0,0,781,456,2431,0,0,121,0
2015-07-20,TDA,1183,134,0,0,655,456,2176,0,0,201,0
2015-07-21,TDA,969,160,0,0,515,326,1283,0,0,193,0
2015-07-22,TDA,829,84,0,0,731,473,1249,0,0,62,0
2015-07-23,TDA,888,118,0,0,899,533,1306,0,0,99,0
2015-07-24,TDA,954,127,0,0,1007,631,1584,0,0,68,0
2015-07-25,TDA,942,124,0,0,973,627,1594,0,0,54,0
2015-07-26,TDA,1280,79,0,0,1101,718,960,0,0,38,0
2015-07-27,TDA,1421,172,0,0,1481,907,842,0,0,51,0
2015-07-28,TDA,971,122,0,0,1916,1201,849,0,0,88,0
2015-07-29,TDA,705,100,0,0,1513,843,506,0,0,52,0
2015-07-30,TDA,1318,151,0,0,1949,1101,494,0,0,78,0
2015-07-31,TDA,1386,156,0,0,2005,1091,420,0,0,114,0
2015-08-01,TDA,1283,198,0,0,2125,1162,273,0,0,73,0
2015-08-02,TDA,813,89,0,0,2063,1128,280,0,0,106,0
2015-08-03,TDA,530,71,1,0,1704,869,171,0,0,73,0
2015-08-04,TDA,474,75,0,0,1183,589,112,1,0,54,0
2015-08-05,TDA,584,83,0,0,1734,790,227,0,0,47,0
2015-08-06,TDA,695,57,1,0,1597,746,235,0,0,90,0
2015-08-07,TDA,868,74,5,0,1670,715,112,0,0,147,0
2015-08-08,TDA,1206,127,0,0,1776,834,132,-2,0,117,0
2015-08-09,TDA,1094,153,0,0,1639,680,102,1,0,100,0
2015-08-10,TDA,1099,129,0,0,1564,745,103,0,0,149,0
2015-08-11,TDA,1053,111,0,0,976,400,71,0,0,76,0
2015-08-12,TDA,1117,86,0,0,1554,757,73,0,0,96,0
2015-08-13,TDA,837,101,1,0,1465,594,60,0,0,111,0
2015-08-14,TDA,1144,77,0,0,1596,663,62,0,0,108,0
2015-08-15,TDA,1036,99,0,0,1541,647,41,1,0,62,0
2015-08-16,TDA,1408,109,0,1,2108,808,48,1,0,104,0
2015-08-17,TDA,1072,124,1,0,2248,850,48,0,0,81,0
2015-08-18,TDA,819,84,0,0,1570,518,16,0,0,67,0
2015-08-19,TDA,850,135,0,0,1164,378,18,0,0,89,0
2015-08-20,TDA,1914,153,4,1,907,258,17,0,0,108,0
2015-08-21,TDA,2844,279,18,2,1008,378,21,1,0,76,0
2015-08-22,TDA,3383,429,20,2,2498,928,32,4,0,80,0
2015-08-23,TDA,2345,284,23,1,2091,769,48,4,0,75,0
2015-08-24,TDA,2001,201,10,4,2185,736,32,2,0,45,0
2015-08-25,TDA,1673,169,24,14,1653,516,29,0,0,53,0
2015-08-26,TDA,2807,289,39,15,1781,641,22,2,0,42,0
2015-08-27,TDA,4353,351,39,21,1302,406,15,0,0,25,0
2015-08-28,TDA,4285,413,32,11,1365,446,17,-1,0,39,0
2015-08-29,TDA,5327,450,29,6,1333,394,7,0,0,20,0
2015-08-30,TDA,10647,851,64,22,1397,394,14,0,0,42,0
2015-08-31,TDA,12025,887,80,19,2241,749,10,0,0,30,0
2015-09-01,TDA,11127,1331,98,55,3255,887,16,4,0,85,0
2015-09-02,TDA,11203,1004,240,46,3718,1030,5,1,0,56,0
2015-09-03,TDA,11953,2225,196,130,2764,682,17,12,0,36,0
2015-09-04,TDA,16962,2067,446,24,4656,1243,37,3,0,25,0
2015-09-05,TDA,14407,2152,530,191,3860,921,22,13,0,44,0
2015-09-06,TDA,16590,1730,950,39,7690,2006,43,1,0,56,0
2015-09-07,TDA,16793,2352,621,167,6059,1554,13,2,0,18,0
2015-09-08,TDA,16669,1291,931,84,5142,1524,13,3,0,35,0
2015-09-09,TDA,16963,2506,708,288,2818,681,12,8,0,24,0
2015-09-10,TDA,20322,1943,1206,97,4249,1183,9,1,0,27,0
2015-09-11,TDA,21387,2184,835,162,2743,587,6,12,0,46,0
2015-09-12,TDA,22818,2877,912,187,3378,974,7,12,0,49,0
2015-09-13,TDA,23516,2143,1056,63,3960,977,7,7,0,40,0
2015-09-14,TDA,20731,2722,649,47,5768,1875,16,1,0,18,0
2015-09-15,TDA,18470,4522,724,97,5927,1639,5,5,0,7,0
2015-09-16,TDA,16592,2032,653,76,4316,1186,2,0,0,16,0
2015-09-17,TDA,17698,3266,637,81,3581,1013,5,2,0,12,0
2015-09-18,TDA,12175,1382,474,47,2491,643,4,0,0,9,0
2015-09-19,TDA,15756,3242,686,30,4004,1027,5,0,0,8,0
2015-09-20,TDA,16606,2289,536,129,3377,905,8,1,0,9,0
2015-09-21,TDA,17779,1818,537,17,3475,912,7,4,0,11,0
2015-09-22,TDA,15508,2863,875,162,3324,756,3,5,0,11,0
2015-09-23,TDA,15626,1406,582,41,3281,969,4,11,0,8,0
2015-09-24,TDA,15564,2790,651,94,3031,906,1,8,0,7,0
2015-09-25,TDA,10481,1205,665,32,2481,728,2,0,0,11,0
2015-09-26,TDA,10947,3028,1066,144,2389,660,1,1,0,15,0
2015-09-27,TDA,10626,1230,741,37,2986,849,1,0,0,10,0
2015-09-28,TDA,8489,2020,748,63,2260,598,0,1,0,4,0
2015-09-29,TDA,8185,941,304,24,1872,592,2,0,0,4,0
2015-09-30,TDA,7969,2504,464,72,1489,422,0,0,0,2,0
2015-10-01,TDA,9266,1133,285,21,1747,556,2,0,0,8,0
2015-10-02,TDA,7526,1196,249,20,1758,514,6,1,0,5,0
2015-10-03,TDA,6803,1079,352,23,2166,715,1,0,0,9,0
2015-10-04,TDA,4978,665,145,7,2203,805,2,2,0,3,0
2015-10-05,TDA,7261,867,204,25,1513,502,0,0,0,1,0
2015-10-06,TDA,7123,920,267,23,1557,494,0,0,0,8,0
2015-10-07,TDA,6150,1106,309,19,1407,399,0,0,0,7,0
2015-10-08,TDA,4696,486,203,16,1045,315,0,0,0,6,0
2015-10-09,TDA,3599,947,65,20,1160,347,5,0,0,5,0
2015-10-10,TDA,5343,1077,86,12,1505,510,4,0,0,0,0
2015-10-11,TDA,5687,1038,67,18,1293,399,0,0,0,0,0
2015-10-12,TDA,4020,588,170,7,1907,762,2,0,0,2,0
2015-10-13,TDA,3842,947,220,47,1682,578,1,1,0,3,0
2015-10-14,TDA,3376,373,114,12,1322,501,2,0,0,2,0
2015-10-15,TDA,2571,438,95,5,1090,359,0,0,0,6,0
2015-10-16,TDA,3565,317,97,11,1033,427,0,1,0,0,0
2015-10-17,TDA,2069,384,127,0,691,257,-1,0,0,1,0
2015-10-18,TDA,1698,201,118,4,677,279,1,0,0,0,0
2015-10-19,TDA,1124,163,45,2,600,246,0,0,0,1,0
2015-10-20,TDA,1625,181,49,3,710,320,0,0,0,2,0
2015-10-21,TDA,1290,226,44,5,477,191,1,0,0,2,0
2015-10-22,TDA,2203,211,29,1,550,238,0,0,0,1,0
2015-10-23,TDA,1704,252,28,6,391,154,0,0,0,0,0
2015-10-24,TDA,1643,214,50,8,372,159,0,0,0,0,0
2015-10-25,TDA,1715,296,29,4,306,130,0,0,0,0,0
2015-10-26,TDA,1352,200,23,4,248,109,0,0,0,0,0
2015-10-27,TDA,979,103,58,2,299,132,0,0,0,0,0
2015-10-28,TDA,1058,154,58,5,447,192,0,0,0,0,0
2015-10-29,TDA,932,90,22,0,158,63,0,0,0,0,0
2015-10-30,TDA,465,66,20,1,252,132,0,0,0,0,0
2015-10-31,TDA,586,98,37,6,339,172,0,0,0,0,0
2016-04-01,TDA,21,1,0,0,21,12,0,0,0,0,0
2016-04-02,TDA,30,0,0,0,26,16,0,0,0,0,0
2016-04-03,TDA,51,1,0,0,15,10,0,0,0,0,0
2016-04-04,TDA,45,0,0,0,15,10,0,0,0,0,0
2016-04-05,TDA,54,0,0,0,17,15,0,0,0,0,0
2016-04-06,TDA,66,0,0,0,7,0,0,0,0,0,0
2016-04-07,TDA,103,0,0,0,15,11,0,0,0,0,0
2016-04-08,TDA,90,1,0,0,13,6,0,0,0,0,0
2016-04-09,TDA,137,0,0,0,19,15,0,0,0,0,0
2016-04-10,TDA,211,8,0,0,17,12,0,0,0,0,0
2016-04-11,TDA,174,4,0,0,14,8,0,0,0,0,0
2016-04-12,TDA,213,10,0,0,10,5,0,0,0,0,0
2016-04-13,TDA,207,0,0,0,18,5,0,0,0,0,0
2016-04-14,TDA,141,4,0,0,8,7,0,0,0,0,0
2016-04-15,TDA,146,1,0,0,6,5,0,0,0,0,0
2016-04-16,TDA,167,6,0,0,7,5,0,0,0,0,0
2016-04-17,TDA,254,11,0,0,10,4,0,0,0,0,0
2016-04-18,TDA,162,4,0,0,8,4,0,0,0,0,0
2016-04-19,TDA,222,2,0,0,7,2,0,0,0,0,0
2016-04-20,TDA,173,1,0,0,5,0,0,0,0,0,0
2016-04-21,TDA,272,7,0,0,4,0,0,0,0,0,0
2016-04-22,TDA,444,5,0,0,5,4,0,0,0,0,0
2016-04-23,TDA,894,26,0,0,4,3,0,0,0,0,0
2016-04-24,TDA,1571,11,0,0,5,1,0,0,0,0,0
2016-04-25,TDA,854,13,0,0,1,0,0,0,0,0,0
2016-04-26,TDA,760,5,0,0,3,1,0,0,0,0,0
2016-04-27,TDA,1150,25,0,0,5,1,0,0,0,0,0
2016-04-28,TDA,497,8,0,0,1,1,0,0,0,0,0
2016-04-29,TDA,1021,17,0,0,0,0,0,0,0,0,0
2016-04-30,TDA,1492,37,0,0,2,0,0,0,0,0,0
2016-05-01,TDA,5702,96,0,0,5,0,0,0,0,0,0
2016-05-02,TDA,6123,192,0,0,2,1,0,0,0,0,0
2016-05-03,TDA,7346,190,0,0,0,0,0,0,0,0,0
2016-05-04,TDA,9210,573,0,0,3,1,0,0,0,0,0
2016-05-05,TDA,7162,346,0,0,1,1,0,0,0,0,0
2016-05-06,TDA,5120,483,0,0,1,0,0,0,0,0,0
2016-05-07,TDA,3161,222,0,0,1,0,0,0,0,0,0
2016-05-08,TDA,4432,502,0,0,1,0,0,0,0,0,0
2016-05-09,TDA,3497,425,0,0,4,4,0,0,0,0,0
2016-05-10,TDA,3102,496,0,0,0,0,0,0,0,0,0
2016-05-11,TDA,1491,245,0,0,0,0,0,0,0,0,0
2016-05-12,TDA,1888,379,0,0,0,0,0,0,0,0,0
2016-05-13,TDA,2053,443,0,0,1,1,0,0,0,0,0
2016-05-14,TDA,2605,694,0,0,1,1,0,0,0,1,0
2016-05-15,TDA,1995,448,0,0,3,1,0,0,0,0,0
2016-05-16,TDA,1557,232,0,0,0,0,0,0,0,0,0
2016-05-17,TDA,1866,369,0,0,3,1,0,0,0,0,0
2016-05-18,TDA,2246,301,0,0,4,0,0,0,0,2,0
2016-05-19,TDA,2706,485,0,0,2,1,0,0,0,0,0
2016-05-20,TDA,2370,407,0,0,3,1,0,0,0,0,0
2016-05-21,TDA,1769,288,0,0,4,0,0,0,0,1,0
2016-05-22,TDA,1700,251,0,0,3,1,0,0,0,0,0
2016-05-23,TDA,1281,149,0,0,6,2,0,0,0,0,0
2016-05-24,TDA,1267,114,0,0,1,0,0,0,0,2,0
2016-05-25,TDA,1173,171,0,0,2,1,2,0,0,2,0
2016-05-26,TDA,973,137,0,0,2,1,1,0,0,5,0
2016-05-27,TDA,947,162,0,0,1,0,2,0,0,1,0
2016-05-28,TDA,1435,188,0,0,1,0,17,0,0,0,0
2016-05-29,TDA,1105,123,0,0,5,1,15,0,0,4,0
2016-05-30,TDA,1033,109,0,0,8,3,23,0,0,1,0
2016-05-31,TDA,1085,160,0,0,3,2,53,0,0,5,0
2016-06-01,TDA,1166,94,0,0,12,6,111,0,0,13,0
2016-06-02,TDA,1736,229,0,0,14,7,210,0,0,22,0
2016-06-03,TDA,1580,88,0,0,13,8,307,0,0,24,0
2016-06-04,TDA,1394,117,0,0,25,11,329,0,0,15,0
2016-06-05,TDA,1699,199,0,0,31,17,629,0,0,50,0
2016-06-06,TDA,1522,156,0,0,23,16,676,0,0,82,0
2016-06-07,TDA,1791,139,0,0,44,21,848,0,0,60,0
2016-06-08,TDA,2276,186,0,0,40,19,1547,0,0,48,0
2016-06-09,TDA,2165,150,0,0,36,26,1458,0,0,70,0
2016-06-10,TDA,2111,117,0,0,36,20,1578,0,0,68,0
2016-06-11,TDA,1957,117,0,0,58,31,2060,0,0,42,0
2016-06-12,TDA,1877,92,0,0,31,17,3030,0,0,26,0
2016-06-13,TDA,2834,203,0,0,55,29,5933,0,0,162,0
2016-06-14,TDA,2024,80,0,0,69,47,5885,0,0,36,0
2016-06-15,TDA,1883,152,0,0,78,40,5702,0,0,91,0
2016-06-16,TDA,2827,150,0,0,62,45,8179,0,0,68,0
2016-06-17,TDA,2282,200,0,0,82,40,8019,0,0,40,0
2016-06-18,TDA,3270,361,0,0,122,57,13788,0,0,51,0
2016-06-19,TDA,1961,248,0,0,152,76,12146,0,0,33,0
2016-06-20,TDA,1948,144,0,0,126,60,14335,0,0,100,0
2016-06-21,TDA,1966,120,0,0,125,50,16379,0,0,94,0
2016-06-22,TDA,1706,148,0,0,149,57,16629,0,0,65,0
2016-06-23,TDA,2375,142,0,0,144,58,16125,0,0,38,0
2016-06-24,TDA,2801,169,0,0,312,164,19316,0,0,63,0
2016-06-25,TDA,2440,145,0,0,233,107,18691,0,0,72,0
2016-06-26,TDA,2984,273,0,0,208,122,16412,0,0,146,0
2016-06-27,TDA,2200,148,0,0,287,162,10625,0,0,174,0
2016-06-28,TDA,1860,237,0,0,267,120,11153,0,0,127,0
2016-06-29,TDA,1852,227,0,0,331,143,9838,0,0,116,0
2016-06-30,TDA,1904,182,0,0,331,161,8961,0,0,114,0
2016-07-01,TDA,2811,236,0,0,379,168,7679,0,0,169,0
2016-07-02,TDA,1950,104,0,0,280,135,7833,0,0,84,0
2016-07-03,TDA,2063,142,0,0,398,172,7352,0,0,197,0
2016-07-04,TDA,2247,117,0,0,517,247,6138,0,0,107,0
2016-07-05,TDA,1937,200,0,0,505,231,4081,0,0,136,0
2016-07-06,TDA,1387,129,0,0,498,271,2708,0,0,102,0
2016-07-07,TDA,1332,168,0,0,549,285,2411,0,0,168,0
2016-07-08,TDA,1461,198,0,0,583,293,2192,0,0,127,0
2016-07-09,TDA,1524,144,0,0,581,283,2214,0,0,108,0
2016-07-10,TDA,1506,190,0,0,582,276,1853,0,0,171,0
2016-07-11,TDA,1287,149,0,0,614,290,1554,0,0,208,0
2016-07-12,TDA,784,88,0,0,503,228,1374,0,0,177,0
2016-07-13,TDA,1137,131,0,0,517,246,1213,0,0,158,0
2016-07-14,TDA,1222,211,0,0,688,352,1215,0,0,262,0
2016-07-15,TDA,1273,220,0,0,594,282,1478,0,0,110,0
2016-07-16,TDA,1067,169,0,0,614,274,787,0,0,150,0
2016-07-17,TDA,1059,114,0,0,569,273,577,0,0,165,0
2016-07-18,TDA,923,134,0,0,887,402,444,0,0,155,0
2016-07-19,TDA,736,135,0,0,584,261,310,0,0,171,0
2016-07-20,TDA,666,95,0,0,596,256,483,0,0,122,0
2016-07-21,TDA,741,122,0,0,646,271,308,0,0,99,0
2016-07-22,TDA,808,69,0,0,554,257,333,0,0,150,0
2016-07-23,TDA,1125,122,0,0,661,281,261,0,0,190,0
2016-07-24,TDA,888,70,0,0,597,276,263,0,0,109,0
2016-07-25,TDA,837,86,0,0,615,287,234,0,0,178,0
2016-07-26,TDA,662,84,0,0,551,283,222,0,0,289,0
2016-07-27,TDA,478,58,0,0,462,217,227,0,0,256,0
2016-07-28,TDA,638,87,0,0,615,304,167,0,0,153,0
2016-07-29,TDA,661,102,0,0,632,305,186,0,0,220,0
2016-07-30,TDA,560,75,0,0,619,284,176,0,0,166,0
2016-07-31,TDA,547,75,0,0,447,195,141,0,0,203,0
2016-08-01,TDA,590,72,0,0,514,194,108,0,0,279,0
2016-08-02,TDA,509,45,0,0,512,206,73,0,0,156,0
2016-08-03,TDA,439,57,0,0,423,175,86,0,0,169,0
2016-08-04,TDA,597,59,0,0,421,168,78,0,0,167,0
2016-08-05,TDA,473,62,0,0,326,126,57,0,0,166,0
2016-08-06,TDA,570,69,0,0,279,113,57,0,0,168,0
2016-08-07,TDA,638,62,0,0,387,177,52,0,0,105,0
2016-08-08,TDA,625,69,0,0,382,159,35,0,0,88,0
2016-08-09,TDA,713,92,0,0,424,187,57,0,0,85,0
2016-08-10,TDA,672,82,0,0,435,158,54,0,0,53,0
2016-08-11,TDA,584,71,0,0,476,180,24,0,0,79,0
2016-08-12,TDA,956,88,0,0,552,223,36,0,0,77,0
2016-08-13,TDA,1233,119,5,1,613,235,30,0,0,70,0
2016-08-14,TDA,895,97,1,0,455,162,23,0,0,44,0
2016-08-15,TDA,914,94,1,2,409,125,15,0,0,56,0
2016-08-16,TDA,1045,138,8,5,435,145,22,0,0,113,0
2016-08-17,TDA,865,129,0,5,469,145,18,1,0,93,0
2016-08-18,TDA,1396,189,0,1,626,204,11,0,0,108,0
2016-08-19,TDA,2095,316,8,1,585,156,6,0,0,78,0
2016-08-20,TDA,3420,347,1,5,842,267,3,0,0,112,0
2016-08-21,TDA,2332,300,2,6,661,194,11,0,0,163,0
2016-08-22,TDA,922,132,1,1,323,73,7,0,0,123,0
2016-08-23,TDA,2186,354,2,2,327,81,0,0,0,64,0
2016-08-24,TDA,2199,341,23,6,517,153,5,0,0,130,0
2016-08-25,TDA,1222,207,37,4,369,95,4,0,0,125,0
2016-08-26,TDA,2277,314,27,7,313,82,1,0,0,74,0
2016-08-27,TDA,5555,551,18,6,408,101,5,0,0,75,0
2016-08-28,TDA,3619,397,54,14,225,68,2,0,0,116,0
2016-08-29,TDA,4931,823,69,24,441,90,4,0,0,113,0
2016-08-30,TDA,3938,856,21,13,366,87,2,0,0,72,0
2016-08-31,TDA,2157,635,59,18,454,92,1,0,0,112,0
2016-09-01,TDA,4543,999,23,10,842,182,0,0,0,104,0
2016-09-02,TDA,9249,967,88,32,603,165,2,0,0,34,0
2016-09-03,TDA,12655,1851,117,35,1387,308,5,0,0,45,0
2016-09-04,TDA,13345,1589,338,110,2833,614,18,0,0,53,0
2016-09-05,TDA,15290,1975,354,72,3002,643,1,0,0,34,0
2016-09-06,TDA,11270,1577,635,67,3176,688,13,0,0,62,0
2016-09-07,TDA,7735,1048,603,17,2741,568,3,0,0,54,0
2016-09-08,TDA,17322,2836,1296,67,2746,628,26,0,0,81,0
2016-09-09,TDA,12316,2220,1070,105,3099,522,1,0,0,59,0
2016-09-10,TDA,11686,1353,941,108,3120,652,10,0,0,43,0
2016-09-11,TDA,11164,1604,982,101,4156,785,0,0,0,29,0
2016-09-12,TDA,15061,1832,1406,148,3845,888,0,0,0,34,0
2016-09-13,TDA,11359,1726,1072,51,3706,818,0,0,0,39,0
2016-09-14,TDA,6780,1444,414,78,2420,508,0,0,0,26,0
2016-09-15,TDA,7259,1223,748,39,3111,621,1,0,0,8,0
2016-09-16,TDA,11353,2296,982,104,4140,803,0,0,0,27,0
2016-09-17,TDA,11238,2145,964,44,4816,903,0,0,0,18,0
2016-09-18,TDA,8081,1241,545,39,3352,656,0,0,0,13,0
2016-09-19,TDA,8865,1244,757,35,3638,691,0,0,0,11,0
2016-09-20,TDA,5262,1118,475,37,2405,467,0,0,0,12,0
2016-09-21,TDA,3883,1015,227,30,2286,453,1,0,0,6,0
2016-09-22,TDA,3406,931,227,28,2563,486,0,0,0,18,0
2016-09-23,TDA,4386,868,534,43,3487,794,1,0,0,19,0
2016-09-24,TDA,3513,562,451,30,3924,896,0,0,0,5,0
2016-09-25,TDA,4538,815,370,50,3731,952,0,0,0,13,0
2016-09-26,TDA,3056,490,332,8,2681,595,1,0,0,12,0
2016-09-27,TDA,2104,590,284,20,2346,442,0,0,0,19,0
2016-09-28,TDA,2791,579,292,20,2481,556,0,0,0,11,0
2016-09-29,TDA,2376,768,256,19,2607,599,0,0,0,14,0
2016-09-30,TDA,2176,618,149,15,2097,504,0,0,0,7,0
2016-10-01,TDA,2179,551,56,8,2575,636,0,0,0,6,0
2016-10-02,TDA,1637,371,113,15,1830,466,1,0,0,2,0
2016-10-03,TDA,1510,446,133,4,1823,448,0,0,0,1,0
2016-10-04,TDA,845,186,78,6,1219,304,0,0,0,0,0
2016-10-05,TDA,1157,227,59,5,966,252,0,0,0,0,0
2016-10-06,TDA,1170,209,253,4,1414,375,0,0,0,4,0
2016-10-07,TDA,1250,185,659,28,1798,535,0,0,0,0,0
2016-10-08,TDA,1273,331,405,28,1715,522,0,0,0,2,0
2016-10-09,TDA,982,150,273,6,1179,331,1,0,0,1,0
2016-10-10,TDA,992,247,163,15,978,292,0,0,0,1,0
2016-10-11,TDA,779,144,555,25,827,296,0,0,0,1,0
2016-10-12,TDA,740,171,188,12,816,273,0,0,0,0,0
2016-10-13,TDA,360,81,16,1,236,77,0,0,0,1,0
2016-10-14,TDA,555,59,32,0,342,105,0,0,0,1,0
2016-10-15,TDA,359,97,193,24,616,216,2,0,0,0,0
2016-10-16,TDA,465,64,263,6,799,297,0,0,0,0,0
2016-10-17,TDA,596,104,104,8,643,221,1,0,0,0,0
2016-10-18,TDA,413,50,26,6,349,97,0,0,0,0,0
2016-10-19,TDA,311,65,30,4,389,144,0,0,0,-1,0
2016-10-20,TDA,242,21,6,0,209,64,0,0,0,0,0
2016-10-21,TDA,270,45,13,1,196,54,0,0,0,0,0
2016-10-22,TDA,425,43,15,2,194,73,0,0,0,0,0
2016-10-23,TDA,425,54,17,1,198,66,0,0,0,0,0
2016-10-24,TDA,277,30,11,0,134,42,0,0,0,0,0
2016-10-25,TDA,197,26,8,4,108,31,0,0,0,0,0
2016-10-26,TDA,281,35,8,1,139,37,0,0,0,0,0
2016-10-27,TDA,255,30,24,2,140,59,0,0,0,0,0
2016-10-28,TDA,297,59,16,1,192,52,0,0,0,0,0
2016-10-29,TDA,418,37,9,0,170,56,0,0,0,0,0
2016-10-30,TDA,317,87,4,2,135,40,0,0,0,1,0
2016-10-31,TDA,210,23,8,0,96,24,0,0,0,0,0
2017-03-01,TDA,0,0,0,0,29,5,0,0,0,0,0
2017-03-02,TDA,0,0,0,0,21,5,0,0,0,0,0
2017-03-03,TDA,0,0,0,0,25,6,0,0,0,0,0
2017-03-04,TDA,0,0,0,0,28,8,0,0,0,0,0
2017-03-05,TDA,0,0,0,0,32,10,0,0,0,0,0
2017-03-06,TDA,0,0,0,0,30,12,0,0,0,0,0
2017-03-07,TDA,4,0,0,0,57,13,0,0,0,0,0
2017-03-08,TDA,1,0,0,0,50,22,0,0,0,0,0
2017-03-09,TDA,0,0,0,0,34,10,0,0,0,0,0
2017-03-10,TDA,0,0,0,0,71,30,0,0,0,0,0
2017-03-11,TDA,1,0,0,0,89,36,0,0,0,0,0
2017-03-12,TDA,0,0,0,0,75,32,0,0,0,0,0
2017-03-13,TDA,0,0,0,0,71,25,0,0,0,0,0
2017-03-14,TDA,0,0,0,0,43,17,0,0,0,0,0
2017-03-15,TDA,0,0,0,0,38,12,0,0,0,0,0
2017-03-16,TDA,1,0,0,0,48,21,0,0,0,0,0
2017-03-17,TDA,0,0,0,0,47,13,0,0,0,0,0
2017-03-18,TDA,0,0,0,0,37,8,0,0,0,0,0
2017-03-19,TDA,1,0,0,0,56,18,0,0,0,0,0
2017-03-20,TDA,0,0,0,0,32,7,0,0,0,0,0
2017-03-21,TDA,0,0,0,0,28,8,0,0,0,0,0
2017-03-22,TDA,0,0,0,0,66,20,0,0,0,0,0
2017-03-23,TDA,0,0,0,0,46,16,0,0,0,0,0
2017-03-24,TDA,0,0,0,0,29,6,0,0,0,0,0
2017-03-25,TDA,0,0,0,0,39,10,0,0,0,0,0
2017-03-26,TDA,2,0,0,0,34,11,0,0,0,0,0
2017-03-27,TDA,0,0,0,0,28,11,0,0,0,0,0
2017-03-28,TDA,1,0,0,0,26,8,0,0,0,0,0
2017-03-29,TDA,1,0,0,0,25,12,0,0,0,0,0
2017-03-30,TDA,0,0,0,0,31,7,0,0,0,0,0
2017-03-31,TDA,0,0,0,0,22,10,0,0,0,0,0
2017-04-01,TDA,2,0,0,0,12,2,0,0,0,0,0
2017-04-02,TDA,2,0,0,0,10,5,0,0,0,0,0
2017-04-03,TDA,1,0,0,0,14,6,0,0,0,0,0
2017-04-04,TDA,0,0,0,0,6,1,0,0,0,0,0
2017-04-05,TDA,1,0,0,0,4,4,0,0,0,0,0
2017-04-06,TDA,1,0,0,0,11,1,0,0,0,0,0
2017-04-07,TDA,5,0,0,0,8,4,0,0,0,0,0
2017-04-08,TDA,1,0,0,0,11,6,0,0,0,0,0
2017-04-09,TDA,6,0,0,0,9,2,0,0,0,0,0
2017-04-10,TDA,11,0,0,0,5,4,0,0,0,0,0
2017-04-11,TDA,10,0,0,0,7,1,0,0,0,0,0
2017-04-12,TDA,8,0,0,0,1,0,0,0,0,0,0
2017-04-13,TDA,10,0,0,0,5,1,0,0,0,0,0
2017-04-14,TDA,14,0,0,0,3,2,0,0,0,0,0
2017-04-15,TDA,12,0,0,0,6,4,0,0,0,0,0
2017-04-16,TDA,6,0,0,0,1,0,0,0,0,0,0
2017-04-17,TDA,10,1,0,0,0,0,0,0,0,0,0
2017-04-18,TDA,10,2,0,0,1,0,0,0,0,0,0
2017-04-19,TDA,23,1,0,0,1,0,0,0,0,0,0
2017-04-20,TDA,21,1,0,0,3,1,0,0,0,0,0
2017-04-21,TDA,17,1,0,0,1,1,0,0,0,0,0
2017-04-22,TDA,29,0,0,0,1,1,0,0,0,0,0
2017-04-23,TDA,36,0,0,0,5,5,0,0,0,0,0
2017-04-24,TDA,32,0,0,0,2,2,0,0,0,0,0
2017-04-25,TDA,29,0,0,0,1,0,0,0,0,0,0
2017-04-26,TDA,60,0,0,0,2,0,0,0,0,0,0
2017-04-27,TDA,40,2,0,0,1,1,0,0,0,0,0
2017-04-28,TDA,79,0,0,0,1,1,0,0,0,0,0
2017-04-29,TDA,67,5,0,0,3,1,0,0,0,0,0
2017-04-30,TDA,102,2,0,0,1,1,0,0,0,0,0
2017-05-01,TDA,84,2,0,0,2,1,0,0,0,0,0
2017-05-02,TDA,85,4,0,0,0,0,0,0,0,0,0
2017-05-03,TDA,245,4,0,0,3,1,0,0,0,0,0
2017-05-04,TDA,351,7,0,0,0,0,0,0,0,0,0
2017-05-05,TDA,319,10,0,0,2,0,0,0,0,0,0
2017-05-06,TDA,1002,61,0,0,2,1,0,0,0,0,0
2017-05-07,TDA,1949,115,0,0,1,1,0,0,0,0,0
2017-05-08,TDA,1573,121,0,0,2,1,0,0,0,0,0
2017-05-09,TDA,2191,89,0,0,1,1,0,0,0,0,0
2017-05-10,TDA,2090,161,0,0,6,2,0,0,0,0,0
2017-05-11,TDA,1883,118,0,0,0,0,0,0,0,0,0
2017-05-12,TDA,1138,66,0,0,1,1,0,0,0,0,0
2017-05-13,TDA,755,85,0,0,2,1,0,0,0,0,0
2017-05-14,TDA,1165,146,0,0,2,1,0,0,0,0,0
2017-05-15,TDA,1110,134,0,0,1,1,0,0,0,0,0
2017-05-16,TDA,1247,187,0,0,1,0,0,0,0,0,0
2017-05-17,TDA,1145,298,0,0,4,0,0,0,0,0,0
2017-05-18,TDA,907,186,0,0,1,0,0,0,0,0,0
2017-05-19,TDA,1083,275,0,0,1,0,0,0,0,0,0
2017-05-20,TDA,1573,247,0,0,1,0,0,0,0,0,0
2017-05-21,TDA,1428,539,0,0,11,5,0,0,0,0,0
2017-05-22,TDA,3422,1033,0,0,0,0,0,0,0,0,0
2017-05-23,TDA,4945,967,0,0,0,0,0,0,0,0,0
2017-05-24,TDA,4894,1763,0,0,1,0,0,0,0,0,0
2017-05-25,TDA,4032,934,0,0,-10,0,0,0,0,0,0
2017-05-26,TDA,2738,1199,0,0,15,7,0,0,0,0,0
2017-05-27,TDA,2368,496,0,0,4,2,0,0,0,0,0
2017-05-28,TDA,1734,851,0,0,6,4,1,0,0,0,0
2017-05-29,TDA,2116,584,0,0,0,0,5,0,0,0,0
2017-05-30,TDA,2137,739,0,0,3,1,2,0,0,0,0
2017-05-31,TDA,1982,367,0,0,1,1,6,0,0,1,0
2017-06-01,TDA,1093,283,0,0,1,0,12,0,0,2,0
2017-06-02,TDA,1386,182,0,0,0,0,7,0,0,0,0
2017-06-03,TDA,1483,229,0,0,0,0,18,0,0,2,0
2017-06-04,TDA,1186,215,0,0,1,0,65,0,0,2,0
2017-06-05,TDA,989,174,0,0,5,1,41,0,0,0,0
2017-06-06,TDA,1079,204,0,0,9,2,35,0,0,1,0
2017-06-07,TDA,1154,162,0,0,2,0,97,0,0,17,0
2017-06-08,TDA,1318,236,0,0,11,4,109,0,0,7,0
2017-06-09,TDA,1871,226,0,0,1,0,107,0,0,6,0
2017-06-10,TDA,1179,252,0,0,4,0,170,0,0,10,0
2017-06-11,TDA,1449,175,0,0,13,1,198,0,0,6,0
2017-06-12,TDA,1518,302,0,0,6,4,695,0,0,5,0
2017-06-13,TDA,1530,200,0,0,5,1,447,0,0,4,0
2017-06-14,TDA,1152,106,0,0,3,2,475,0,0,2,0
2017-06-15,TDA,1294,220,0,0,0,0,922,0,0,17,0
2017-06-16,TDA,1788,251,0,0,6,5,1024,0,0,16,0
2017-06-17,TDA,1579,283,0,0,6,2,1214,0,0,21,0
2017-06-18,TDA,1744,157,0,0,3,2,1588,0,0,26,0
2017-06-19,TDA,1761,241,0,0,19,9,2481,0,0,40,0
2017-06-20,TDA,1869,161,0,0,8,2,2406,0,0,72,0
2017-06-21,TDA,1337,270,0,0,21,12,3214,0,0,74,0
2017-06-22,TDA,1720,201,0,0,4,1,3001,0,0,160,0
2017-06-23,TDA,2032,195,0,0,19,12,3219,0,0,299,0
2017-06-24,TDA,2595,186,0,0,16,6,2430,0,0,330,0
2017-06-25,TDA,2563,249,0,0,20,10,2667,0,0,368,0
2017-06-26,TDA,2950,274,0,0,16,12,3226,0,0,549,0
2017-06-27,TDA,2025,204,0,0,22,11,2545,0,0,490,0
2017-06-28,TDA,1416,210,0,0,35,9,2461,0,0,647,0
2017-06-29,TDA,1458,214,0,0,29,17,2485,0,0,715,0
2017-06-30,TDA,1353,202,0,0,21,8,3216,0,0,660,0
2017-07-01,TDA,2641,366,0,0,28,12,3956,0,0,621,0
2017-07-02,TDA,1743,234,0,0,41,19,2379,0,0,592,0
2017-07-03,TDA,1547,161,0,0,20,8,1844,0,0,1169,0
2017-07-04,TDA,1170,106,0,0,30,19,1374,0,0,932,0
2017-07-05,TDA,1331,134,0,0,51,37,1919,0,0,831,0
2017-07-06,TDA,1476,121,0,0,40,26,1890,0,0,1126,0
2017-07-07,TDA,1332,172,0,0,60,45,1380,0,0,611,0
2017-07-08,TDA,1147,154,0,0,68,40,1189,0,0,855,0
2017-07-09,TDA,1326,163,0,0,82,37,1279,0,0,759,0
2017-07-10,TDA,1119,150,0,0,108,66,966,0,0,702,0
2017-07-11,TDA,863,146,0,0,116,63,685,0,0,1540,0
2017-07-12,TDA,767,115,0,0,107,64,906,0,0,771,0
2017-07-13,TDA,492,98,0,0,105,57,487,0,0,690,0
2017-07-14,TDA,592,115,0,0,113,69,607,0,0,761,0
2017-07-15,TDA,429,90,0,0,136,82,398,0,0,941,0
2017-07-16,TDA,698,99,0,0,142,84,345,0,0,550,0
2017-07-17,TDA,684,72,0,0,160,103,275,0,0,728,0
2017-07-18,TDA,569,66,0,0,226,142,258,0,0,626,0
2017-07-19,TDA,536,87,0,0,179,99,168,0,0,541,0
2017-07-20,TDA,377,56,0,0,236,154,128,0,0,956,0
2017-07-21,TDA,432,89,0,0,178,114,126,0,0,320,0
2017-07-22,TDA,447,96,0,0,239,162,104,0,0,321,0
2017-07-23,TDA,493,91,0,0,282,166,106,0,0,337,0
2017-07-24,TDA,367,63,0,0,316,199,79,0,0,370,0
2017-07-25,TDA,298,60,0,0,171,91,57,0,0,308,0
2017-07-26,TDA,271,58,0,0,227,138,65,0,0,170,0
2017-07-27,TDA,305,59,0,0,190,91,43,0,0,298,0
2017-07-28,TDA,243,44,0,0,236,158,46,0,0,281,0
2017-07-29,TDA,380,61,0,0,369,225,25,0,0,301,0
2017-07-30,TDA,298,47,0,0,356,213,29,0,0,367,0
2017-07-31,TDA,272,31,0,0,372,194,26,0,0,367,0
2017-08-01,TDA,268,41,0,0,284,152,35,0,0,213,0
2017-08-02,TDA,226,25,0,0,288,133,25,0,0,255,0
2017-08-03,TDA,198,37,0,0,224,113,33,0,0,141,0
2017-08-04,TDA,156,38,0,0,195,101,14,0,0,133,0
2017-08-05,TDA,130,28,0,0,180,78,18,0,0,135,0
2017-08-06,TDA,126,18,0,0,125,62,6,0,0,118,0
2017-08-07,TDA,108,32,0,0,149,73,11,0,0,147,0
2017-08-08,TDA,77,17,0,0,123,54,8,0,0,204,0
2017-08-09,TDA,126,29,0,0,120,61,7,0,0,204,0
2017-08-10,TDA,91,15,0,0,105,44,6,0,0,271,0
2017-08-11,TDA,96,18,0,0,60,31,5,0,0,247,0
2017-08-12,TDA,127,45,0,0,64,34,4,0,0,474,0
2017-08-13,TDA,234,34,0,0,115,54,4,0,0,205,0
2017-08-14,TDA,311,47,0,0,111,54,6,0,0,108,0
2017-08-15,TDA,382,35,0,0,71,36,4,0,0,63,0
2017-08-16,TDA,583,53,0,0,116,58,9,0,0,70,0
2017-08-17,TDA,528,58,0,0,191,98,11,0,0,122,0
2017-08-18,TDA,695,63,0,0,340,172,5,0,0,98,0
2017-08-19,TDA,816,100,0,0,519,257,6,0,0,43,0
2017-08-20,TDA,1021,99,1,0,554,221,4,0,0,60,0
2017-08-21,TDA,664,64,5,0,495,215,14,0,0,88,0
2017-08-22,TDA,538,58,1,1,688,232,0,0,0,106,0
2017-08-23,TDA,351,70,5,2,699,183,2,0,0,124,0
2017-08-24,TDA,649,72,4,1,723,217,2,0,0,88,0
2017-08-25,TDA,915,157,11,2,577,180,5,0,0,66,0
2017-08-26,TDA,1276,166,15,4,896,290,2,0,0,77,0
2017-08-27,TDA,1228,168,23,5,984,277,1,0,0,67,0
2017-08-28,TDA,1312,137,18,10,661,201,0,0,0,116,0
2017-08-29,TDA,2334,284,34,8,711,186,1,1,0,90,0
2017-08-30,TDA,1512,263,27,8,634,189,2,0,0,116,0
2017-08-31,TDA,1376,245,52,18,1096,306,0,0,0,169,0
2017-09-01,TDA,1290,252,114,58,1001,286,5,0,0,331,0
2017-09-02,TDA,2351,336,91,17,1185,313,2,0,0,193,0
2017-09-03,TDA,2017,285,131,87,1446,436,21,0,0,217,0
2017-09-04,TDA,951,124,37,8,691,198,0,0,0,163,0
2017-09-05,TDA,2882,418,49,30,399,88,0,0,0,65,0
2017-09-06,TDA,2718,346,45,11,559,153,1,0,0,45,0
2017-09-07,TDA,3238,454,118,47,890,173,1,0,0,45,0
2017-09-08,TDA,2427,461,138,24,1348,352,0,0,0,92,0
2017-09-09,TDA,2584,294,141,24,1518,401,0,0,0,99,0
2017-09-10,TDA,3090,441,165,18,1438,342,2,0,0,60,0
2017-09-11,TDA,9613,680,295,43,2055,484,1,0,0,63,0
2017-09-12,TDA,14121,1260,615,112,1335,311,6,0,0,59,0
2017-09-13,TDA,12180,1517,904,140,2491,502,0,1,0,66,0
2017-09-14,TDA,8741,1362,951,143,2861,582,3,0,0,54,0
2017-09-15,TDA,8971,1203,1411,133,3376,683,2,0,0,110,0
2017-09-16,TDA,11715,1046,1280,117,3411,771,0,0,0,90,0
2017-09-17,TDA,8680,981,1074,67,3166,638,1,0,0,34,0
2017-09-18,TDA,8041,870,1335,114,3026,607,3,0,0,12,0
2017-09-19,TDA,5506,763,929,36,3176,856,5,0,0,17,0
2017-09-20,TDA,6302,815,1322,135,4564,1170,0,0,0,12,0
2017-09-21,TDA,6231,776,2237,208,4352,1085,6,1,0,21,0
2017-09-22,TDA,6108,1047,2514,248,4500,784,1,0,0,23,0
2017-09-23,TDA,7022,909,1793,142,3213,530,7,0,0,13,0
2017-09-24,TDA,4188,632,1992,150,2840,443,1,1,0,21,0
2017-09-25,TDA,5093,876,1434,84,2450,531,0,0,0,16,0
2017-09-26,TDA,3418,614,1136,50,1838,373,0,0,0,7,0
2017-09-27,TDA,3322,464,832,59,1451,266,5,0,0,4,0
2017-09-28,TDA,2727,397,977,56,1392,270,2,0,0,14,0
2017-09-29,TDA,3009,650,882,90,1217,215,1,0,0,19,0
2017-09-30,TDA,3541,519,1151,58,1762,418,0,0,0,7,0
2017-10-01,TDA,2514,340,727,61,1247,256,0,0,0,6,0
2017-10-02,TDA,1842,270,469,36,876,216,0,0,0,2,0
2017-10-03,TDA,1308,241,347,21,711,179,0,0,0,2,0
2017-10-04,TDA,4100,607,577,41,788,173,0,0,0,0,0
2017-10-05,TDA,2746,529,565,49,975,182,0,0,0,1,0
2017-10-06,TDA,2243,319,456,26,729,187,0,0,0,1,0
2017-10-07,TDA,1680,179,533,28,753,234,4,0,0,4,0
2017-10-08,TDA,1188,163,374,10,726,230,1,0,0,0,0
2017-10-09,TDA,1628,147,333,17,612,171,0,0,0,0,0
2017-10-10,TDA,1675,252,299,26,508,130,0,0,0,0,0
2017-10-11,TDA,2271,182,251,31,384,105,0,0,0,-1,0
2017-10-12,TDA,897,152,147,10,336,88,0,0,0,0,0
2017-10-13,TDA,1068,109,156,6,302,100,0,0,0,0,0
2017-10-14,TDA,1596,186,430,54,662,198,0,0,0,0,0
2017-10-15,TDA,695,98,186,9,289,99,0,0,0,0,0
2017-10-16,TDA,391,70,82,7,190,58,0,0,0,0,0
2017-10-17,TDA,357,91,70,4,152,56,0,0,0,0,0
2017-10-18,TDA,466,67,85,2,175,73,0,0,0,1,0
2017-10-19,TDA,382,62,48,3,161,45,0,0,0,0,0
2017-10-20,TDA,663,92,136,7,276,89,0,0,0,0,0
2017-10-21,TDA,517,83,296,43,471,180,-1,1,0,-1,0
2017-10-22,TDA,587,50,181,10,296,119,0,0,0,0,0
2017-10-23,TDA,364,80,135,17,236,113,0,0,0,0,0
2017-10-24,TDA,204,37,61,7,185,77,0,0,0,0,0
2017-10-25,TDA,217,64,88,18,223,96,0,0,0,0,0
2017-10-26,TDA,108,20,36,4,126,48,0,0,0,0,0
2017-10-27,TDA,80,8,35,11,125,59,0,0,0,0,0
2017-10-28,TDA,119,21,18,2,71,29,0,0,0,0,0
2017-10-29,TDA,322,24,28,4,38,7,0,0,0,0,0
2017-10-30,TDA,415,43,9,1,34,10,0,0,0,0,0
2017-10-31,TDA,348,37,10,1,37,16,0,0,0,0,0
2017-11-01,TDA,291,57,5,0,43,14,0,0,0,0,0
2017-11-02,TDA,191,38,9,0,35,10,0,0,0,0,0
2017-11-03,TDA,237,40,0,0,21,4,0,0,0,0,0
2017-11-04,TDA,396,51,0,0,23,5,0,0,0,0,0
2017-11-05,TDA,441,47,2,0,21,4,0,0,0,0,0
2017-11-06,TDA,342,36,5,0,26,4,0,0,0,0,0
2017-11-07,TDA,258,22,47,0,27,4,0,0,0,0,0
2017-11-08,TDA,142,17,38,1,21,9,0,1,0,0,0
2017-11-09,TDA,191,25,8,0,16,3,0,0,0,0,0
2017-11-10,TDA,148,17,14,0,12,2,0,0,0,0,0
2017-11-11,TDA,148,8,11,0,5,1,0,0,0,0,0
2017-11-12,TDA,172,15,12,0,11,2,0,0,0,0,0
2017-11-13,TDA,192,23,16,0,12,2,0,0,0,0,0
2017-11-14,TDA,169,29,10,0,11,3,0,1,0,1,0
2017-11-15,TDA,202,15,35,0,11,3,0,0,0,0,0
2017-11-16,TDA,103,7,10,0,5,1,0,0,0,0,0
2017-11-17,TDA,57,4,4,1,3,0,0,0,0,0,0
2017-11-18,TDA,25,3,5,0,4,1,0,0,0,0,0
2017-11-19,TDA,30,6,5,0,6,2,0,0,0,0,0
2017-11-20,TDA,63,4,6,0,3,0,0,0,0,0,0
2017-11-21,TDA,42,8,1,0,4,0,0,0,0,0,0
2017-11-22,TDA,77,4,19,0,9,3,0,0,0,0,0
2017-11-23,TDA,27,5,7,2,2,2,0,0,0,0,0
2017-11-24,TDA,16,-1,6,0,7,1,0,0,0,0,0
2017-11-25,TDA,42,4,6,0,9,3,0,0,0,0,0
2017-11-26,TDA,29,4,7,0,9,6,0,0,0,-1,0
2017-11-27,TDA,45,6,2,1,15,10,0,0,0,0,0
2017-11-28,TDA,22,6,6,0,24,16,0,0,0,0,0
2017-11-29,TDA,17,2,4,0,26,17,0,0,0,0,0
2017-11-30,TDA,5,0,0,0,1,0,0,0,0,0,0
2017-12-01,TDA,1,0,3,0,0,0,0,0,0,0,0
2017-12-02,TDA,1,1,0,0,1,0,0,0,0,0,0
2017-12-03,TDA,11,1,0,0,3,1,0,0,0,0,0
2017-12-04,TDA,14,3,2,0,5,2,0,0,0,0,0
2017-12-05,TDA,3,0,1,0,3,1,0,0,0,0,0
2017-12-06,TDA,7,0,0,0,8,2,0,0,0,0,0
2017-12-07,TDA,1,2,1,0,1,0,0,0,0,0,0
2017-12-08,TDA,2,0,1,0,5,1,0,0,0,0,0
2017-12-09,TDA,8,0,0,0,2,0,0,0,0,0,0
2017-12-10,TDA,6,0,1,0,0,0,0,0,0,0,0
2017-12-11,TDA,6,0,3,0,3,0,0,0,0,0,0
2017-12-12,TDA,2,0,0,0,3,0,0,0,0,0,0
2017-12-13,TDA,1,0,1,0,6,0,0,0,0,0,0
2017-12-14,TDA,2,1,1,0,1,0,0,0,0,0,0
2017-12-15,TDA,3,0,0,0,4,0,0,0,0,0,0
2017-12-16,TDA,0,1,0,0,4,0,0,0,0,0,0
2017-12-17,TDA,0,0,1,0,3,1,0,0,0,0,0
2017-12-18,TDA,0,0,-1,0,1,1,0,0,0,0,0
2017-12-19,TDA,1,1,1,0,4,0,0,0,0,0,0
2017-12-20,TDA,0,0,0,0,2,0,0,0,0,0,0
2017-12-21,TDA,0,0,0,0,0,0,0,0,0,0,0
2017-12-22,TDA,0,0,0,0,2,0,0,0,0,0,0
2017-12-23,TDA,1,0,0,0,3,0,0,0,0,0,0
2017-12-24,TDA,0,0,0,0,2,1,0,0,0,0,0
2017-12-25,TDA,1,0,0,0,1,1,0,0,0,0,0
2017-12-26,TDA,0,0,0,0,0,0,0,0,0,0,0
2017-12-27,TDA,0,0,0,0,0,0,0,0,0,0,0
2017-12-28,TDA,0,0,-1,0,0,0,0,0,0,0,0
2017-12-29,TDA,0,0,0,0,1,0,0,0,0,0,0
2017-12-30,TDA,0,0,1,0,0,0,0,0,0,0,0
2017-12-31,TDA,0,0,0,0,2,0,0,0,0,0,0
2018-01-01,TDA,1,0,0,0,1,0,0,0,0,0,0
2018-01-02,TDA,1,0,0,0,3,0,0,0,0,0,0
2018-01-03,TDA,0,0,0,0,2,0,0,0,0,0,0
2018-01-04,TDA,-1,0,0,0,1,0,0,0,0,0,0
2018-01-05,TDA,0,0,0,0,0,0,0,0,0,0,0
2018-01-06,TDA,1,0,-1,0,0,-1,0,0,0,0,0
2018-01-07,TDA,0,0,0,0,1,0,0,0,0,0,0
2018-01-08,TDA,1,0,0,0,1,0,0,0,0,0,0
2018-01-09,TDA,0,0,0,0,0,0,0,0,0,0,0
2018-01-10,TDA,0,0,0,0,0,0,0,0,0,0,0
2018-01-11,TDA,0,0,0,0,1,0,0,0,0,0,0
2018-01-12,TDA,2,0,0,0,1,1,0,0,0,0,0
2018-01-13,TDA,-1,0,0,0,0,0,0,0,0,0,0
2018-01-14,TDA,1,0,2,0,1,0,0,0,0,0,0
2018-01-15,TDA,0,0,2,0,0,0,0,0,0,0,0
2018-01-16,TDA,0,0,0,0,0,0,0,0,0,0,0
2018-02-01,TDA,0,0,0,0,1,1,0,0,0,0,0
2018-02-02,TDA,0,0,1,0,1,0,0,0,0,0,0
2018-02-03,TDA,0,0,0,0,0,0,0,0,0,0,0
2018-02-04,TDA,0,0,0,0,3,0,0,0,0,0,0
2018-02-05,TDA,0,0,0,0,1,1,0,0,0,0,0
2018-02-06,TDA,0,0,0,0,2,0,0,0,0,0,0
2018-02-07,TDA,1,0,0,0,4,0,0,0,0,0,0
2018-02-08,TDA,0,0,0,0,1,0,0,0,0,0,0
2018-02-09,TDA,0,0,0,0,4,3,0,0,0,0,0
2018-02-10,TDA,0,0,0,0,2,0,0,0,0,0,0
2018-02-11,TDA,0,0,0,0,2,0,0,0,0,0,0
2018-02-12,TDA,1,0,0,0,1,0,0,0,0,0,0
2018-02-13,TDA,2,0,0,0,1,1,0,0,0,0,0
2018-02-14,TDA,0,0,0,0,1,1,0,0,0,0,0
2018-02-15,TDA,0,0,0,0,3,4,0,0,0,0,0
2018-02-16,TDA,0,0,0,0,1,0,0,0,0,0,0
2018-02-17,TDA,0,0,0,0,0,0,0,0,0,0,0
2018-02-18,TDA,0,0,0,0,0,0,0,0,0,0,0
2018-02-19,TDA,0,0,0,0,0,0,0,0,0,0,0
2018-02-20,TDA,0,0,0,0,1,1,0,0,0,0,0
2018-02-21,TDA,0,0,0,0,-1,0,0,0,0,0,0
2018-02-22,TDA,0,0,0,0,1,1,0,0,0,0,0
2018-02-23,TDA,0,0,0,0,0,0,0,0,0,0,0
2018-02-24,TDA,0,0,0,0,0,0,0,0,0,0,0
2018-02-25,TDA,0,0,0,0,1,1,0,0,0,0,0
2018-02-27,TDA,0,0,0,0,1,1,0,0,0,0,0
2018-02-28,TDA,0,0,0,0,0,0,0,0,0,0,0
2018-04-01,TDA,1,0,0,0,7,5,0,0,0,0,0
2018-04-02,TDA,2,0,0,0,5,3,0,0,0,0,0
2018-04-03,TDA,4,0,0,0,5,0,0,0,0,0,0
2018-04-04,TDA,0,0,0,0,1,1,0,0,0,0,0
2018-04-05,TDA,1,0,0,0,5,0,0,0,0,0,0
2018-04-06,TDA,5,0,0,0,3,1,0,0,0,0,0
2018-04-07,TDA,2,0,0,0,2,0,0,0,0,0,0
2018-04-08,TDA,6,1,0,0,9,1,0,0,0,0,0
2018-04-09,TDA,7,0,0,0,6,1,0,0,0,0,0
